news_id,manchete_emocao,manchete_polaridade,f1_emocao,f1_polaridade,f2_emocao,f2_polaridade,f3_emocao,f3_polaridade,geral_emocao,geral_polaridade,pensamento,manchete,f1,f2,f3
3,alegria,positivo,neutro,neutro,alegria,positivo,alegria,positivo,alegria,positivo,"A manchete expressa alegria e positividade ao destacar o crescimento e a força das gerações mais velhas no Brasil. O f1 é neutro, pois apresenta uma informação factual sobre a mudança na estrutura etária sem expressar opinião. O f2 reflete alegria e positividade ao descrever os benefícios econômicos e sociais do envelhecimento da população. O f3 continua com alegria e positividade, ao prever que o Brasil poderá aproveitar esses bônus demográficos para fortalecer o desenvolvimento socioeconômico e o bem-estar da sociedade.",A crescente força das gerações prateadas no Brasil,"O Brasil está passando por uma rápida mudança na sua estrutura etária, com a população de 50 anos ou mais crescendo exponencialmente e se tornando maioria até o final do século XXI.","Essa transformação demográfica impulsionará a economia prateada, que envolve a participação ativa de pessoas maduras no mercado de trabalho, inovação e consumo, além de promover maior intergeracionalidade e envelhecimento saudável.","Como consequência, o país poderá aproveitar novos bônus demográficos, fortalecendo o desenvolvimento socioeconômico e o bem-estar de toda a sociedade."
11,alegria,positivo,neutro,neutro,neutro,neutro,alegria,positivo,alegria,positivo,"A manchete indica uma etapa de progresso na reforma tributária, sugerindo alegria e polaridade positiva. A f1 explica a designação do relator e menciona a criação do Comitê Gestor do IBS, reforçando a ideia de avanço e organização, o que é positivo e neutro em termos de emoção. A f2 detalha o projeto, incluindo a unificação de tributos e a gestão compartilhada, transmitindo informações factuais e rotineiras, resultando em uma emoção neutra e polaridade neutra. A f3 menciona a expectativa de aprovação, sugerindo otimismo e confiança no processo legislativo, o que reflete alegria e polaridade positiva. No geral, a notícia transmite um sentimento de alegria e otimismo sobre o progresso da reforma tributária.",Eduardo Braga é designado relator da segunda parte da reforma tributária no Senado,"O senador Eduardo Braga foi indicado como relator do Projeto de Lei Complementar (PLP) 108/2024, que regulamenta a segunda fase da reforma tributária, incluindo a criação do Comitê Gestor do Imposto sobre Bens e Serviços (IBS).","A proposta unifica cinco tributos (ICMS, ISS, IPI, PIS e Cofins) em uma cobrança única, com gestão compartilhada entre União, Estados e Municípios, além de estabelecer regras para o ITCMD e o processo administrativo do novo sistema.","A expectativa do governo é aprovar o PLP ainda neste semestre, após a análise no Senado e possível retorno à Câmara para eventuais alterações."
32,alegria,positivo,alegria,positivo,medo,negativo,medo,negativo,medo,negativo,"A manchete gera alegria e polaridade positiva por destacar a liberação de recursos para um programa social. O f1 reforça a alegria e a polaridade positiva ao detalhar a liberação de recursos e estabelecer um prazo para ajustes, o que sugere um caminho viável para a continuidade do programa. O f2 introduz medo e polaridade negativa, pois menciona a ilegalidade do financiamento e a necessidade de cortes em outras áreas, criando incerteza sobre o orçamento. O f3, embora mencione a importância do programa, carrega uma emoção de medo e polaridade negativa devido à necessidade de ajustes imediatos nas contas públicas, o que indica uma situação financeira delicada.",TCU libera R$ 6 bilhões para Pé-de-Meia e dá prazo de 120 dias para governo ajustar orçamento,"O Tribunal de Contas da União (TCU) autorizou a liberação de R$ 6 bilhões do programa Pé-de-Meia, após uma decisão que bloqueava o repasse, e estabeleceu um prazo de 120 dias para que o governo ajuste os gastos no Orçamento de 2025.","A decisão ocorreu após o TCU considerar ilegal o financiamento do programa por fundos fora do teto fiscal e determinar que os R$ 13 bilhões previstos sejam incluídos no orçamento, o que exigirá cortes em outras áreas.","Parlamentares e técnicos do tribunal reforçam a necessidade de ajustes imediatos nas contas públicas, enquanto o programa, que beneficia cerca de 4 milhões de estudantes de baixa renda, continua sendo considerado uma ferramenta importante para a política social do governo Lula."
37,medo,negativo,medo,negativo,medo,neutro,medo,negativo,medo,negativo,"A manchete indica medo com polaridade negativa devido à inflação 'desconfortável' e fora da meta, o que gera incerteza e preocupação com o futuro econômico. O f1 reforça o medo com polaridade negativa, destacando a inflação desconfortável devido ao aperto monetário. O f2 possui polaridade neutra, com emoção de medo, pois há uma incerteza e cautela na análise dos dados econômicos, sugerindo que a situação requer atenção, mas sem uma clara indicação de resultado negativo ou positivo. O f3 traz uma emoção de medo com polaridade negativa, já que a necessidade de uma postura mais agressiva na elevação dos juros e parcimônia na redução sinaliza um cenário de incerteza e risco econômico. O rótulo geral reflete a emoção dominante de medo com uma polaridade negativa, devido à preocupação geral com a inflação e as políticas monetárias cautelosas.","Inflação deve seguir 'desconfortável' para as famílias e fora da meta, diz presidente do BC","O presidente do Banco Central, Gabriel Galípolo, afirmou que a inflação deve permanecer ""desconfortável"" para famílias e empresas no curto prazo, devido ao atual ciclo de aperto monetário, sem detalhes sobre os próximos passos nos juros.","Ele destacou a necessidade de cautela na análise dos dados econômicos, considerando a volatilidade de indicadores de alta frequência, e reforçou que a política monetária deve agir gradualmente.","Galípolo também ressaltou que, embora seja necessário adotar uma postura mais agressiva na elevação dos juros, a redução da taxa básica deve ser feita com maior parcimônia para evitar decisões precipitadas."
84,neutro,neutro,alegria,positivo,alegria,positivo,medo,negativo,neutro,neutro,"A manchete sugere uma perspectiva inicialmente positiva sobre o crescimento da indústria brasileira, mas adverte sobre os desafios futuros com a alta dos juros. A f1 destaca uma expansão significativa e positiva no setor industrial, impulsionada por setores de alta tecnologia, o que sugere alegria. A f2 reforça essa alegria ao comparar o crescimento brasileiro com o global e citar políticas favoráveis. A f3, no entanto, introduz um sentimento de medo ao mencionar desafios futuros devido ao aumento da taxa Selic e incertezas internacionais.","Indústria brasileira cresce duas vezes mais que a global, mas setor vê freio com alta dos juros","A indústria de transformação brasileira conseguiu reverter uma queda de -1,0% no 3º trimestre de 2023 para uma expansão de 4,6% no mesmo período de 2024, impulsionada pelos setores de alta e média-alta tecnologia.","Enquanto a produção global apresentou crescimento mais modesto e enfrentou obstáculos nas economias desenvolvidas, o setor industrial brasileiro se beneficiou de políticas de estímulo, redução de juros e investimentos em inovação.","Apesar do cenário favorável, especialistas alertam para desafios futuros devido ao aumento da taxa Selic e às incertezas internacionais, que podem afetar a competitividade da indústria nacional."
103,tristeza,negativo,neutro,neutro,neutro,neutro,neutro,neutro,tristeza,negativo,"A manchete expressa uma notícia negativa ao destacar o déficit nas contas externas do Brasil, o maior desde 2019, sugerindo tristeza e polaridade negativa. No f1, a notícia é apresentada de forma factual, sem especulação ou opinião, indicando uma emoção neutra e polaridade neutra. O f2 apresenta uma notícia que, apesar de mencionar um déficit, inclui um recorde de gastos por turistas estrangeiros, sugerindo um aspecto positivo que contrasta com a tristeza geral da notícia, mas como um dado factual, é classificado como neutro e polaridade neutra. O f3 destaca o aspecto positivo do aumento do turismo internacional, mas dentro de um contexto de câmbio desfavorável, o que não muda a polaridade geral da notícia. Assim, a emoção é neutra e a polaridade é neutra para f3. No geral, a notícia é dominada pela tristeza devido ao déficit significativo, com polaridade negativa.","Brasil registra déficit de US$ 56 bilhões nas contas externas em 2024, o maior desde 2019","As transações correntes do Brasil acumularam um déficit de US$ 56 bilhões em 2024, o maior desde 2019, representando 2,55% do PIB, conforme divulgado pelo Banco Central.","Apesar da alta do dólar, os brasileiros gastaram US$ 14,82 bilhões em viagens ao exterior, valor inferior ao registrado antes da pandemia, enquanto os gastos de turistas estrangeiros atingiram US$ 7,34 bilhões, um recorde histórico.","O aumento no turismo internacional, impulsionado pela valorização do dólar, reforça a relevância do setor para a economia brasileira em um cenário de câmbio desfavorável para os residentes."
107,alegria,positivo,alegria,positivo,alegria,positivo,alegria,positivo,alegria,positivo,"A manchete expressa determinação e otimismo do ministro Haddad em resolver a situação, o que sugere alegria. f1 apresenta uma informação positiva sobre o esforço do governo para resolver o bloqueio dos recursos, indicando uma perspectiva de superação e confiança, características da alegria. f2 reforça essa perspectiva ao mencionar a entrada de recurso e a pacificação do impasse, sugerindo uma resolução positiva e portanto alegria. f3 detalha as medidas tomadas pelo governo e como elas permitem a continuidade do programa, reafirmando a superação das dificuldades e a confiança no sucesso das ações, mantendo a emoção de alegria. A análise geral da notícia também revela uma perspectiva otimista e de confiança.","'Vamos encontrar uma saída', diz Haddad após suspensão de recursos do Pé-de-Meia","O ministro da Fazenda, Fernando Haddad, garantiu que o governo buscará uma solução para liberar R$ 6 bilhões bloqueados pelo TCU no programa social Pé-de-Meia, evitando sua descontinuidade.","A Advocacia-Geral da União entrou com recurso contra a decisão do tribunal, e a questão está sendo negociada, com Haddad afirmando que o impasse está ""pacificado"".","O programa, uma das principais ações sociais do governo Lula, enfrenta risco de paralisação devido à disputa sobre a inclusão dos fundos no Orçamento da União, mas o governo afirma que as medidas de contenção de gastos facilitaram a orçamentação sem prejudicar a continuidade do programa."
128,neutro,neutro,neutro,neutro,neutro,neutro,neutro,neutro,neutro,neutro,"A manchete é neutra, pois transmite uma informação factual e esperada sobre a sancionamento da reforma tributária. O f1 é neutro, pois detalha a ação do presidente Lula com informações factuais. O f2 é neutro, pois continua a informação sobre os vetos e suas implicações, sem expressar emoção. O f3 é neutro, pois explica tecnicamente as mudanças e benefícios da nova legislação sem expressar uma emoção clara. No geral, a notícia é neutra, pois é uma transmissão de informações factuais sobre uma mudança legislativa importante.",Lula sanciona com vetos regulamentação da reforma tributária; veja os pontos alterados,"O presidente Lula sancionou a Lei Complementar 214, que regulamenta a reforma tributária, com vetos pontuais relacionados a questões técnicas e setores específicos, como energia e petróleo.","Os vetos, que serão analisados pelo Congresso, mantêm benefícios fiscais e vantagens para o polo industrial da Zona Franca de Manaus, além de excluir alguns dispositivos sobre impostos e regimes financeiros.","A nova legislação unifica cinco tributos em um sistema de Imposto de Valor Agregado (IVA), incluindo o IBS e a CBS, e estabelece mecanismos como cashback e split payment para facilitar a arrecadação e o pagamento de tributos."
133,raiva,negativo,medo,negativo,alegria,positivo,raiva,negativo,raiva,negativo,"A manchete expressa uma ação governamental contra a disseminação de fake news, indicando uma tentativa de proteger a integridade do Pix. A F1 apresenta uma situação de pânico e prejuízos econômicos causados por fake news, o que gera medo e incerteza. A F2 contém informações sobre medidas governamentais para proteger o Pix, incluindo a revogação de uma norma e a edição de uma medida provisória, o que pode ser visto como uma reação positiva e de além da expectativa. A F3 reforça a possível responsabilização criminal para os disseminadores de fake news, transmitindo uma postura de raiva e desaprovação.",AGU pede à Polícia Federal que investigue a disseminação de fake news sobre Pix,"A Advocacia-Geral da União solicitou à Polícia Federal a abertura de inquérito para investigar a disseminação de fake news relacionadas ao uso do Pix e às novas regras de monitoramento, citando golpes e informações falsas que geraram pânico e prejuízos econômicos.","Em resposta às fake news, o governo revogou uma norma da Receita Federal que aumentava o monitoramento das transações financeiras, e anunciou a edição de uma medida provisória para garantir a gratuidade e o sigilo do Pix, além de proibir cobranças abusivas.","Autoridades destacaram que os responsáveis por disseminar informações falsas poderão responder por crimes, enquanto buscam esclarecer os fatos e proteger a integridade do sistema de pagamentos eletrônicos."
140,alegria,positivo,alegria,positivo,neutro,neutro,alegria,positivo,alegria,positivo,"A manchete apresenta uma perspectiva positiva sobre a receita do governo federal, indicando crescimento e redução do déficit, o que sugere uma emoção de alegria e polaridade positiva. O primeiro fragmento (f1) reitera essa perspectiva positiva ao detalhar o crescimento da receita e a redução do déficit, mantendo a emoção de alegria e a polaridade positiva. O segundo fragmento (f2) fornece uma explicação neutra sobre os fatores que impulsionaram o aumento das receitas e das despesas, apresentando dados factuais sem carga emocional, o que indica uma emoção neutra e polaridade neutra. O terceiro fragmento (f3) destaca a maior elevação nas receitas em relação às despesas, contribuindo para o reequilíbrio das contas públicas, o que sugere uma emoção de alegria e polaridade positiva. A emoção geral da notícia é de alegria, refletindo a visão positiva sobre a redução do déficit e o reequilíbrio das contas públicas.","Receita do governo federal acumula alta de 7,7% e ajuda a reduzir déficit","A receita líquida do governo federal cresceu 7,7% entre janeiro e novembro de 2024, atingindo R$ 139,8 bilhões, contribuindo para a redução do déficit de R$ 12 bilhões registrado em 2023.","O aumento nas receitas foi impulsionado principalmente pela alta na arrecadação da Cofins e outros tributos, enquanto as despesas cresceram 4,4%, totalizando R$ 89,6 bilhões, com destaque para os pagamentos de benefícios previdenciários.","Apesar do crescimento das despesas, a maior elevação nas receitas ajudou a diminuir o déficit, refletindo um esforço de reequilíbrio das contas públicas."
141,medo,negativo,medo,negativo,neutro,neutro,medo,negativo,medo,negativo,"A manchete é negativa e reflete medo devido ao impacto financeiro significativo da perda estimada. A primeira parte, f1, também gera medo com a informação sobre a perda bilionária anual e a correção monetária favorável aos estados. A segunda parte, f2, apresenta uma informação neutra, focando nos detalhes factuais sobre o impacto fiscal e a distribuição da dívida. A terceira parte, f3, é negativa e reflete medo devido ao alerta sobre o risco de desequilíbrio fiscal, aumentando a incerteza sobre as finanças públicas.",Governo estima perda de até R$ 106 bilhões com renegociação de dívidas dos estados,"O governo de Lula estima uma perda de até R$ 106 bilhões em cinco anos com a nova lei de renegociação das dívidas estaduais, que prevê a zeragem dos juros e a correção pelo IPCA.","O impacto fiscal de aproximadamente R$ 21 bilhões ao ano não será considerado nas metas fiscais, e o total da dívida dos estados com a União é de cerca de R$ 760 bilhões, concentrada em 90% por Rio de Janeiro, São Paulo, Minas Gerais e Rio Grande do Sul.","Apesar das medidas para reduzir os juros e incentivar investimentos, especialistas alertam para o risco de aumento do desequilíbrio fiscal caso a adesão ao programa seja ampla entre os estados."
148,neutro,neutro,neutro,neutro,neutro,neutro,neutro,neutro,neutro,neutro,"A manchete indica uma ação importante e iminente, gerando expectativa sobre a sanção da Reforma Tributária, mas sem expressar uma emoção clara, então é neutro. F1 segue a mesma linha, focando na discussão de vetos e prazos, mantendo o caráter informativo e neutro. F2 explica a proposta com detalhes técnicos, o que também é neutro. F3 menciona a alíquota e a simplificação do sistema tributário, mas de forma descritiva, sem carga emocional, portanto, neutro. A notícia geral é neutra, pois se concentra na transmissão de informações factuais e esperadas sobre a regulamentação da Reforma Tributária.",Lula se reúne hoje com ministros para discutir sanção da regulamentação da Reforma Tributária,"O presidente Lula reúne sua equipe para discutir possíveis vetos ao projeto de regulamentação da Reforma Tributária, cujo prazo de assinatura se encerra nesta quinta-feira.","A proposta, aprovada pelo Congresso em 2023, cria um sistema de tributos baseado no Imposto sobre Valor Agregado (IVA), com uma estrutura dual que inclui a Contribuição sobre Bens e Serviços (CBS) e o Imposto sobre Bens e Serviços.","A regulamentação busca estabelecer uma alíquota padrão de 26,5%, com mecanismos para ajustes caso essa taxa seja ultrapassada, visando simplificar e unificar o sistema tributário brasileiro."
155,alegria,positivo,alegria,positivo,alegria,positivo,neutro,positivo,alegria,positivo,"A manchete expressa alegria e polaridade positiva ao anunciar uma oportunidade de investimento para alunos do programa Pé-de-Meia, indicando um benefício adicional. O f1 reforça a alegria e polaridade positiva ao detalhar a regulamentação do programa, permitindo investimentos em produtos financeiros seguros e rentáveis. O f2 mantém a alegria e polaridade positiva ao destacar que a iniciativa oferece opções seguras e de baixo custo, incentivando a permanência escolar e a produtividade. O f3, embora neutro em emoção, tem polaridade positiva ao apresentar fatos sobre a criação e o alcance do programa, sem expressar juízo de valor ou especulação.",Pé-de-Meia: alunos poderão investir incentivo-conclusão de R$ 1 mil no Tesouro Direto e em ETFs,"O Ministério da Fazenda e o Ministério da Educação anunciaram que, até fevereiro, autorizarão que alunos beneficiários do programa Pé-de-Meia possam investir o incentivo de R$ 1 mil no Tesouro Direto e em ETFs, como parte da regulamentação do programa.","A iniciativa visa oferecer opções de investimento seguras e de baixo custo, incentivando a permanência escolar e a produtividade dos estudantes, com uma pequena parcela dos recursos podendo ser aplicada em ETFs.","O programa, criado em 2023, beneficia atualmente 3,9 milhões de estudantes e tem um custo de R$ 12,5 bilhões, buscando promover a educação e a economia por meio de incentivos financeiros."
342,tristeza,neutro,tristeza,neutro,alegria,positivo,alegria,positivo,alegria,positivo,"A manchete indica uma queda na produção industrial, sugerindo uma emoção de tristeza, mas a polaridade é neutra, pois não indica um impacto de longo prazo. A f1 reforça a emoção de tristeza, mas a polaridade continua neutra, uma vez que menciona uma recuperação anterior e comparação com expectativas, sem um julgamento claro. A f2 apresenta uma emoção de alegria, com polaridade positiva, destacando resultados positivos ao longo do ano devido ao aquecimento econômico e outros fatores favoráveis. A f3 mantém uma emoção de alegria, com polaridade positiva, ao reiterar o crescimento do setor apesar das variações mensais. No geral, a emoção dominante da notícia é alegria, com polaridade positiva, pois apesar da queda pontual, o cenário geral é de crescimento e resultados positivos.","Produção industrial recua 0,2% em outubro, após dois meses de crescimento","A produção industrial brasileira recuou 0,2% em outubro, após dois meses de crescimento, e ficou abaixo das expectativas do mercado.","Apesar da queda neste mês, o setor industrial apresenta resultados positivos ao longo do ano, impulsionado pelo cenário de aquecimento econômico, desemprego em mínimas históricas e aumento da renda das famílias.","Esses fatores contribuem para a manutenção do crescimento do setor, mesmo diante de variações mensais."
376,neutro,neutro,neutro,neutro,neutro,neutro,neutro,neutro,neutro,neutro,"A manchete expressa uma expectativa neutra sobre um evento futuro, a votação da Reforma Tributária. F1 também é neutro, apenas informando sobre o andamento da reforma. F2 e F3 apresentam aspectos mais específicos da reforma, com uma abordagem neutra, focando em informações factuais sobre possíveis impactos e medidas incluídas na proposta. No geral, a notícia é neutra, pois não expressa emoções fortes nem avalia o impacto positivo ou negativo da reforma.",Reforma Tributária: relatório está em fase final e votação será na semana do dia 10 de dezembro,"O parecer da regulamentação da Reforma Tributária no Senado está em fase de finalização, com previsão de votação na semana do dia 10 de dezembro.","O relator, Eduardo Braga, busca incluir uma isenção na CBS para produtos comercializados na Zona Franca de Manaus, argumentando que a ausência dessa medida pode gerar distorções de mercado e perda de empregos.","A proposta também prevê a retomada do imposto seletivo sobre armas e munições, além da unificação de cinco impostos sobre consumo em um único IVA, mantendo o IPI para produtos da Zona Franca."
392,alegria,positivo,alegria,positivo,medo,negativo,neutro,neutro,neutro,neutro,"A manchete transmite alegria devido à possibilidade de isenção do Imposto de Renda para um grande número de brasileiros, o que é positivo. F1 também é alegre, pois detalha a amplitude do benefício, reforçando a positividade. F2 introduz uma proposta para compensar essa perda, o que pode gerar medo, pois fala de tributação sobre super-ricos, uma medida que ainda precisa ser aprovada e gera incerteza. F3 é neutro, pois apesar de mencionar ajuste fiscal e limitação de aumento do salário mínimo, não transmite uma emoção forte, apenas informa medidas factuais. O geral é neutro, pois apesar da alegria inicial, as incertezas e ajustes fiscais equilibram a polaridade.","Isenção de IR até R$ 5 mil pode custar R$ 45,8 bilhões aos cofres públicos, calcula Warren","O governo anunciou a isenção do Imposto de Renda para trabalhadores com carteira assinada e salários de até R$ 5 mil, beneficiando cerca de 36 milhões de brasileiros e podendo gerar um custo anual de R$ 45,8 bilhões.","Para compensar a perda de arrecadação, o governo planeja implementar uma tributação sobre os super-ricos, incluindo um imposto mínimo sobre lucros e dividendos superiores a R$ 50 mil mensais, sujeito à aprovação do Congresso.","Além disso, o governo também divulgará medidas de ajuste fiscal, como a limitação do aumento real do salário mínimo a 2,5% ao ano, impactando benefícios previdenciários e sociais."
394,alegria,positivo,alegria,positivo,medo,negativo,neutro,neutro,medo,negativo,"A manchete expressa uma emoção de alegria, pois anuncia uma medida que beneficia os trabalhadores, aumentando a faixa de isenção do Imposto de Renda, o que é positivo. A f1 também apresenta uma emoção de alegria, com uma polaridade positiva, pois destaca o benefício para os trabalhadores sem associação a cortes de gastos. A f2 reflete uma emoção de medo, com uma polaridade negativa, pois menciona medidas restritivas que podem afetar o salário mínimo e o abono salarial, gerando incerteza sobre o futuro das despesas públicas. A f3 tem uma emoção neutra, com uma polaridade neutra, pois é uma informação factual sobre o anúncio de um pacote de ajustes fiscais. O rótulo geral da notícia é medo, com uma polaridade negativa, pois, embora haja uma medida positiva de isenção de IR, as medidas restritivas e o foco no controle de despesas públicas criam incertezas e preocupações.",Haddad anunciará isenção de IR para quem ganha até R$ 5 mil a partir de 2026 e taxação de super-rico,"O ministro da Fazenda, Fernando Haddad, anunciou que a isenção do Imposto de Renda para trabalhadores com carteira assinada que ganham até R$ 5 mil começará a valer em 2026, com financiamento específico e sem relação com cortes de gastos.","Além disso, o governo planeja implementar uma ""trava"" de 2,5% no reajuste real do salário mínimo e limitar o pagamento do abono salarial a trabalhadores com renda de até 1,5 salário-mínimo, como medidas para controlar o crescimento das despesas públicas.",Essas ações fazem parte de um pacote de ajustes fiscais que visa equilibrar as contas do governo e será detalhado em pronunciamento na noite de quarta-feira.
397,alegria,positivo,alegria,positivo,neutro,neutro,alegria,positivo,alegria,positivo,"A manchete expressa expectativa e possível alegria pela promessa de isenção do Imposto de Renda, refletindo uma polaridade positiva. A f1 reitera essa alegria ao mencionar a promessa de campanha, mas não apresenta detalhes que indiquem resistência ou dificuldades, mantendo a polaridade positiva. A f2 introduz um elemento de cautela e restrição, mencionando resistência na equipe econômica e medidas compensatórias, indicando uma polaridade neutra devido ao equilíbrio entre a promessa positiva e as contramedidas necessárias. A f3 reforça a alegria ao destacar a justiça fiscal e a demanda popular atendida, mantendo uma polaridade positiva. Geralmente, a notícia é positiva, pois a promessa de isenção é vista como benéfica para os trabalhadores, apesar das complexidades mencionadas.",Haddad deve anunciar isenção de IR para quem ganha até R$ 5 mil em pronunciamento na TV,"O ministro da Fazenda, Fernando Haddad, deve anunciar a isenção de Imposto de Renda para quem ganha até R$ 5 mil, como parte do pacote de corte de gastos e de acordo com promessa de campanha de Lula.","A medida, que enfrenta resistência na equipe econômica, visa ampliar a faixa de isenção e será acompanhada de novas arrecadações para compensar a renúncia fiscal, além de limitar o reajuste real do salário mínimo a 2,5%.","A iniciativa busca atender a uma demanda popular e promover justiça fiscal, conforme declarado por Lula, que defende a isenção para trabalhadores até esse limite salarial."
401,neutro,neutro,neutro,neutro,neutro,neutro,neutro,neutro,neutro,neutro,"A manchete reflete uma postura cautelosa e ponderada do Fed, indicando ajustes graduais, o que sugere uma emoção de Neutro, pois não há uma carga emocional clara e a polaridade é Neutro, já que não indica diretamente um cenário positivo ou negativo. O f1 explica a decisão com base em dados econômicos, mantendo a neutralidade e a cautela, o que é Neutro com uma polaridade Neutro. O f2 confirma uma ação recente de redução de juros, mas sem compromisso com futuros cortes, o que indica uma postura de cautela e neutralidade, rotulando como Neutro com polaridade Neutro. O f3 reforça a cautela com a menção de uma nova reunião e a consideração da inflação, o que mantém a emoção Neutro e a polaridade Neutro. O rótulo geral da notícia é Neutro com polaridade Neutro, pois o texto como um todo transmite informações factuais e cautelosas sem expressar otimismo ou pessimismo claros.",Fed busca ajustes 'graduais' nas futuras decisões sobre juros,"Os membros do FOMC do Federal Reserve destacaram a prioridade de ajustes graduais na política de juros, considerando dados econômicos mais fortes do que o esperado entre setembro e novembro.","Em 7 de novembro, o Fed reduziu as taxas de juros em um quarto de ponto, marcando a segunda redução consecutiva desde setembro, sem indicar cortes adicionais no curto prazo.","Os participantes planejam uma nova reunião em dezembro para revisar as taxas, mantendo a cautela diante da inflação em 2,6% em outubro."
412,alegria,positivo,neutro,neutro,medo,negativo,alegria,positivo,neutro,neutro,"A manchete indica uma revisão para baixo das expectativas de inflação, o que é positivo para a economia, mas ainda mantém um nível elevado. O f1 reitera essa informação, focando na ligeira redução, o que pode ser visto como neutro, pois não é uma queda drástica. O f2 apresenta um cenário de que a meta de inflação será ultrapassada e a taxa Selic aumentará, sugerindo um ambiente econômico de cautela, caracterizando medo devido à incerteza sobre inflação e juros. O f3, no entanto, destaca o crescimento econômico e a valorização do dólar, indicando um sentimento de alegria e otimismo com a economia.","Boletim Focus: mercado reduz para 4,63% expectativa de inflação para 2024","As expectativas do mercado financeiro para a inflação em 2024 foram revisadas para baixo, com previsão de 4,63%, ligeiramente abaixo dos 4,64% da semana anterior.","O Boletim Focus indica que a meta de inflação, de 3%, será ultrapassada neste ano, enquanto o Banco Central mantém a taxa Selic em 11,25%, com projeção de alta para 11,75% até o final do ano.","Além disso, o mercado projeta uma valorização do dólar para R$ 5,70 em 2024 e um crescimento do PIB de 3,17%, indicando otimismo em relação à economia brasileira."
448,neutro,neutro,neutro,neutro,neutro,neutro,neutro,neutro,neutro,neutro,"A manchete reflete uma sensação de ‘prontidão’ e ‘dependência de autorização’, sugerindo que o governo está preparado mas aguarda decisão de Lula, o que indica uma postura de cautela e não de alegria ou negatividade. Por isso, é neutra. O f1 menciona medidas de corte de gastos, incluindo ajustes em previdência militar e benefícios sociais, que podem gerar incerteza e medo de perdas futuras, mas é apresentado de forma factual, o que o torna neutro. O f2 aborda discussões técnicas sobre a sustentabilidade fiscal, sugerindo preparação e planejamento, o que é neutro. O f3 foca na semântica do termo “corte” versus “ajustes”, indicando uma tentativa de mitigar reações negativas, o que mantém a neutralidade. No geral, a notícia transmite informações factuais sobre possíveis medidas de ajuste fiscal, sem uma emoção dominante, mantendo-se neutra.",Haddad diz estar pronto para anunciar medidas de corte de gastos e decisão depende de Lula,"O ministro Fernando Haddad afirmou que o governo está preparado para anunciar medidas de corte de gastos assim que o presidente Lula autorizar, incluindo ajustes na previdência militar e benefícios sociais.","Técnicos dos ministérios e das Forças Armadas estão discutindo detalhes dessas ações, que visam garantir a sustentabilidade fiscal a médio e longo prazo, sem foco exclusivo em 2025 e 2026.","Apesar de ainda não haver uma previsão oficial, o governo busca evitar o termo “corte”, preferindo “ajustes” nas mudanças propostas."
503,medo,positivo,medo,positivo,medo,positivo,medo,neutro,medo,positivo,"A manchete expressa uma determinação e proposta de ação para melhorar a eficiência das políticas públicas, o que sugere uma emoção de medo, pois é uma resposta a situações de incerteza econômica e a necessidade de mudanças. No entanto, a polaridade é positiva devido à proposta de melhoria. O f1 continua com a mesma ideia de buscar eficiência, reforçando a emoção de medo, com polaridade positiva. O f2 mantém a emoção de medo, mas a polaridade positiva se destaca pela proposta de austeridade visando eficiência. O f3 indica um contexto de espera e possíveis mudanças, o que reforça a emoção de medo, com polaridade neutra, pois não há uma avaliação clara de impacto imediato. No geral, a notícia transmite uma emoção de medo devido ao contexto de incerteza e necessidade de cortes, mas com uma polaridade geral positiva focada em melhorias e eficiência.",Tebet diz ser hora de acabar com políticas públicas ineficientes: Temos que ter a coragem de cortar,"A ministra do Planejamento, Simone Tebet, defendeu a redução de políticas públicas ineficientes para equilibrar as contas públicas e aumentar os investimentos no Brasil.","Ela destacou que a austeridade visa não apenas o superávit, mas também a maior eficiência do gasto público, ressaltando a necessidade de coragem para cortar despesas consideradas ineficientes.","As discussões sobre o corte de gastos continuam em Brasília, com possíveis mudanças na legislação aguardando o momento oportuno após o segundo turno das eleições municipais."
505,alegria,positivo,alegria,positivo,alegria,positivo,neutro,neutro,alegria,positivo,"A manchete expressa alegria ao destacar um potencial cenário positivo para a redução dos juros, fruto de um 'choque fiscal positivo'. O f1 reitera essa emoção ao explicar como um 'choque fiscal positivo' pode aumentar a confiança do mercado, levando a juros mais baixos. O f2 mantém a alegria ao descrever a importância de mudanças significativas nas expectativas para reverter a inflação, facilitando uma política monetária sustentável. O f3 é neutro, pois apresenta uma informação factual sobre o governo buscando fortalecer o arcabouço fiscal, sem expressar emoção ou polaridade específica. A emoção geral da notícia é alegria, refletindo o otimismo sobre a possibilidade de juros mais baixos com uma política fiscal mais responsável.",Campos Neto volta a defender 'choque fiscal positivo' para que Brasil tenha juros mais baixos,"Roberto Campos Neto, presidente do Banco Central, reforçou a necessidade de um “choque fiscal positivo” para aumentar a confiança do mercado e possibilitar a redução dos juros no Brasil.",Ele destacou que uma mudança de expectativa significativa é essencial para reverter a previsão de inflação e facilitar uma trajetória mais sustentável para a política monetária.,"Enquanto isso, o governo busca fortalecer o arcabouço fiscal como medida estrutural para garantir o cumprimento das metas fiscais e melhorar a credibilidade econômica do país."
519,alegria,positivo,alegria,positivo,alegria,positivo,alegria,positivo,alegria,positivo,"A manchete expressa ‘alegria'’ devido ao crescimento projetado nas exportações, com polaridade ‘positivo'’. O f1 detalha essa alegria ao descrever os setores que impulsionam o crescimento, com polaridade positiva. O f2 reforça a alegria ao mencionar a reversão do déficit para superávit, também com polaridade positiva. O f3, embora contenha algumas informações negativas sobre manufaturas e o Panamá, mantém uma polaridade geral positiva, pois o bom desempenho das commodities domina o sentimento. Assim, o rótulo geral da notícia é ‘alegria'’ com polaridade ‘positivo'’.","Valor das exportações da América Latina crescerá 4% em 2024, diz Cepal","A Cepal projeta uma recuperação das exportações da América Latina em 2024, com crescimento de 4% impulsionado pelo aumento no volume de produtos agrícolas, mineradores e petrolíferos.","A região deverá apresentar superávit comercial, revertendo o déficit de 26 bilhões de dólares em 2023 para um superávit de 36 bilhões de dólares no próximo ano.","Apesar do bom desempenho nas exportações de commodities, as manufaturas continuam atrás, e alguns países, como o Panamá, enfrentam quedas significativas nos volumes exportados devido a fatores específicos."
526,alegria,positivo,neutro,neutro,medo,negativo,alegria,positivo,alegria,positivo,"A manchete indica uma avaliação positiva sobre a economia argentina, mas com um tom de advertência. A F1 é positiva e neutra ao destacar avanços, mas sem carga especulativa. A F2 apresenta uma emoção de medo, pois apesar dos progressos, ressalta a necessidade de mais trabalho, indicando incertezas futuras. A F3 volta a ter uma emoção de alegria, com expectativas positivas para a recuperação econômica. No geral, a notícia apresenta uma perspectiva positiva com uma advertência.",FMI mantém projeção sobre Argentina e diz a Milei que 'o trabalho ainda não terminou',"O FMI manteve a previsão de crescimento de 3,5% para a Argentina em 2023, destacando avanços na redução da inflação e avanços nas políticas econômicas.","Apesar dos progressos, o órgão ressaltou que ainda há trabalho a ser feito, especialmente na recuperação da atividade econômica e na implementação de reformas estruturais.","A expectativa é de que, com a continuidade das medidas, a economia argentina possa se recuperar e alcançar uma trajetória de crescimento sustentável."
540,alegria,positivo,neutro,neutro,neutro,neutro,neutro,neutro,neutro,neutro,"A manchete expressa alegria, pois apresenta uma iniciativa positiva do ministro para modernizar bancos multilaterais e financiamento climático, sugerindo confiança e otimismo. A f1 é neutra, focando em fatos de uma agenda internacional sem expressar emoção ou opiniao. A f2 tambem apresenta um conteudo neutro, listando temas de discussoes e eventos, mantendo um tom informativo e objetivo. A f3 é neutra, pois informa sobre a previsão de viagem do ministro sem carga emocional. No geral, a noticia apresenta uma perspectiva neutra, pois, apesar da manchete positiva, o conteudo predominante é informativo.",Haddad apresentará nos EUA propostas para modernizar bancos multilaterais e financiamento climático,"O ministro da Fazenda, Fernando Haddad, participará de reuniões do G20, FMI e Banco Mundial em Washington entre 22 e 24 de maio, marcando seu último evento internacional à frente da trilha financeira do G20 fora do Brasil.","Durante a agenda, Haddad abordará temas como a modernização de bancos multilaterais, financiamento climático e a sustentabilidade fiscal do Brasil, além de participar de eventos e discursos oficiais.","A previsão é de que ele retorne a São Paulo na manhã de 25 de maio e só retorne a Brasília na segunda-feira, 28."
591,neutro,neutro,neutro,neutro,medo,negativo,medo,negativo,medo,negativo,"A manchete expressa a expectativa de uma decisão judicial importante que pode afetar significativamente a economia, sugerindo um sentimento de 'neutro' devido à transmissão de informações factuais. O f1 introduz o contexto do julgamento, mantendo um tom 'neutro' ao explicar o programa Reintegra e o questionamento sobre a redução de benefícios. O f2 apresenta uma divergência de opiniões entre os ministros, indicando um sentimento de 'medo' pela incerteza e volatilidade que a diferença de interpretação pode gerar, com polaridade 'negativa'. O f3 foca na decisão final e seu impacto econômico, o que também gera um sentimento de 'medo' pela incerteza do resultado, com polaridade 'negativa'. A emoção geral da notícia é 'medo' devido à incerteza e possíveis impactos negativos.","STF retoma hoje julgamento do Reintegra e ação pode ter impacto de R$ 49,9 bi para União","O Supremo Tribunal Federal retomou o julgamento de ações que questionam a redução do percentual de ressarcimento para empresas exportadoras pelo programa Reintegra, lançado em 2011 e reinstituído em 2014.","Os ministros divergiram quanto à natureza do benefício, com alguns considerando-o uma ajuda financeira passível de alteração pelo governo e outros argumentando que a redução configura aumento de tributos, contrariando o objetivo do programa.","A decisão final deve definir se o governo pode reduzir discricionariamente a alíquota, impactando uma estimativa de impacto de R$ 49,9 bilhões para o país."
623,alegria,positivo,alegria,positivo,medo,negativo,surpresa,positivo,alegria,positivo,"A manchete transmite alegria e polaridade positiva devido à possibilidade de aumento do otimismo dos consumidores nos EUA. O f1 reforça essa alegria e positividade ao explicar a decisão do Federal Reserve de cortar juros para estimular a economia, o que melhora o ânimo dos consumidores. O f2 tem uma emoção de medo, com polaridade negativa, pois os analistas sugerem que os efeitos da medida são limitados no curto prazo, criando incerteza sobre a eficácia imediata. O f3 apresenta uma emoção de surpresa, com polaridade positiva, ao indicar um pequeno impulso à Kamala Harris, ainda que especialistas afirmem que a decisão do Fed não determinará o resultado das eleições, o que é inesperado para alguns.",Corte de juros pode aumentar otimismo dos consumidores nos EUA antes das eleições,A decisão do Federal Reserve de cortar as taxas de juros pela primeira vez desde 2020 visa estimular a economia e melhorar o ânimo dos consumidores.,Analistas afirmam que os efeitos dessa medida serão limitados no curto prazo e que ela provavelmente não influenciará diretamente o resultado das eleições presidenciais de novembro.,"Apesar disso, o otimismo gerado pode oferecer um pequeno impulso à vice-presidente Kamala Harris, embora especialistas ressaltem que a decisão do Fed não determinará o desfecho do pleito eleitoral."
634,medo,negativo,medo,negativo,medo,negativo,neutro,neutro,medo,negativo,"A manchete expressa uma preocupação com a meta fiscal, sugerindo Medo pela incerteza no cumprimento do objetivo. Em f1, a descrição detalha os riscos específicos, reforçando a emoção de Medo devido à possibilidade de insuficiência de receitas. f2 continua com essa incerteza, mencionando frustrações de receita e arrecadação baixa, o que também caracteriza Medo. f3 apresenta uma postura de compromisso, mas reconhece a necessidade de revisões e reformas, sugerindo uma perspectiva Neutra ao focar em fatos e ações necessárias. No geral, a notícia é dominada pela emoção de Medo devido à incerteza e riscos fiscais.",TCU alerta governo sobre risco de meta de défict zero ser descumprida,"O Tribunal de Contas da União (TCU) aprovou um alerta ao governo Lula sobre o risco de não atingir a meta de déficit zero em 2024, devido à possibilidade de receitas insuficientes para cobrir as despesas.","O tribunal destacou a incerteza em relação à estimativa de receita do voto de qualidade do Carf e ao impacto de uma possível frustração dessas receitas no resultado primário, além da baixa arrecadação observada até então.","O governo reafirmou o compromisso com a meta, mas será necessário revisar as projeções de arrecadação e implementar reformas estruturantes para garantir a sustentabilidade fiscal."
636,surpresa,neutro,alegria,positivo,medo,neutro,medo,negativo,medo,neutro,"A manchete transmite uma expectativa clara do mercado sobre o aumento da Selic, sugerindo uma polaridade neutra, mas com uma emoção de surpresa devido à divergência sobre o tamanho do ciclo de alta. F1 apresenta uma previsão concreta, com uma polaridade positiva e emoção de alegria, pois o mercado está alinhado sobre o aumento imediato. F2 tem uma polaridade neutra e emoção de medo, pois os economistas expressam preocupação com a inflação e condições fiscais, indicando incerteza sobre o futuro. F3 apresenta uma polaridade negativa com emoção de medo, devido às expectativas de inflação desancoradas e à necessidade de controle inflacionário, destacando preocupações com o cenário econômico. Geralmente, a emoção dominante é o medo, devido às incertezas e preocupações sobre o ciclo de alta e suas implicações.","Copom: mercado espera alta de 0,25 ponto percentual da Selic, mas diverge sobre tamanho do ciclo","O mercado prevê que o Copom aumentará a Selic em 0,25 ponto percentual na reunião de quarta-feira, 18, com expectativa de que a taxa atinja 11,50% até o final do ciclo de alta.","Economistas apontam que o ciclo de elevação deve ser breve, possivelmente revertido em 2025, devido à preocupação com a inflação e às condições fiscais.","A decisão será influenciada pelo cenário de atividade econômica aquecida, expectativas de inflação desancoradas e a necessidade de reforçar o compromisso com o controle inflacionário."
643,alegria,positivo,alegria,positivo,medo,neutro,neutro,neutro,alegria,positivo,"A manchete indica uma expectativa positiva de crescimento econômico e uma leve preocupação com a inflação, mas ainda dentro de limites aceitáveis. A f1 reforça a emoção de alegria ao destacar o crescimento econômico acima do esperado, impulsionado por um bom desempenho no segundo trimestre. A f2 introduz um elemento de medo, pois menciona a desaceleração econômica e o aumento de juros, que podem afetar o crescimento nos anos seguintes. A f3 mantém uma perspectiva neutra ao informar que a projeção da inflação subiu, mas ainda está abaixo das expectativas de mercado, o que não gera uma emoção intensa. No geral, a emoção dominante é de alegria devido ao bom crescimento projetado para 2024, enquanto a polaridade positiva reflete a expectativa otimista de crescimento econômico.","Fazenda eleva projeção de PIB de 2024 para 3,2%; expectativa para inflação também sobe, para 4,25%","O Ministério da Fazenda revisou para cima a projeção de crescimento do PIB em 2024 de 2,5% para 3,2%, impulsionada pelo desempenho positivo do segundo trimestre.","A expectativa de desaceleração no terceiro trimestre e as perspectivas de aumento de juros pelo Banco Central influenciaram a revisão para os anos seguintes, com crescimento estimado de 2,5% a 2,6%.","Além disso, a projeção de inflação para 2024 foi elevada de 3,9% para 4,25%, ainda abaixo das estimativas de mercado, considerando fatores como câmbio e tarifas de energia."
657,alegria,positivo,neutro,neutro,neutro,neutro,neutro,neutro,alegria,positivo,"A manchete reflete um sentimento de alegria, pois a inflação caiu, o que é geralmente visto como uma notícia positiva. No f1, a emoção é neutra, pois apesar de apresentar informações positivas sobre a queda da inflação, o texto é informativo e não carrega uma emoção dominante. O f2 também apresenta uma emoção neutra, pois informa que os resultados estão abaixo das expectativas do mercado, sem expressar uma emoção clara. A emoção no f3 é neutra, pois trata-se de uma explicação técnica sobre o cálculo do IPCA. De maneira geral, a notícia é positiva, pois indica uma desaceleração da inflação, o que é benéfico para a economia.","Inflação de agosto desacelera e fica em -0,02%; IPCA acumulado de 12 meses cai para 4,24%","O IPCA, índice oficial de inflação do Brasil, registrou uma queda de 0,02% em agosto, a primeira taxa negativa desde junho de 2023, influenciada principalmente pela redução nos preços de energia elétrica residencial e alimentos.","O resultado ficou levemente abaixo das expectativas do mercado e contribuiu para o acumulado de 2,85% no ano e 4,24% nos últimos 12 meses, ambos abaixo das projeções anteriores.","O cálculo do índice considera uma amostra de cerca de 400 itens, ponderados de acordo com os gastos das famílias brasileiras, refletindo a variação de preços ao longo do tempo."
671,alegria,positivo,alegria,positivo,alegria,positivo,neutro,neutro,alegria,positivo,"A manchete indica uma perspectiva otimista sobre o crescimento econômico sem inflação, sugerindo alegria e polaridade positiva. F1 reforça essa visão otimista com detalhes sobre crescimento diversificado, mantendo a emoção de alegria e polaridade positiva. F2 segue com alegria e polaridade positiva, destacando bons resultados econômicos e expectativas positivas para o Orçamento. F3 apresenta informações neutras sobre revisão de gastos, com emoção neutra e polaridade neutra. A emoção geral é alegria devido ao foco no crescimento econômico positivo.","Brasil pode crescer até 3% em 2024 sem pressionar a inflação, diz Simone Tebet","A ministra do Planejamento, Simone Tebet, afirmou que o Brasil pode crescer até 3% sem pressionar a inflação, desde que o crescimento seja diversificado entre setores da economia.","Ela destacou que o desempenho do segundo trimestre, impulsionado pela indústria e investimentos, reforça essa perspectiva e fortalece a capacidade do governo de negociar o Orçamento de 2025, com expectativa de alcançar a meta zero de déficit.","O ministro da Fazenda, Fernando Haddad, complementou que a economia segue crescendo com inflação baixa e que os gastos do auxílio-gás para 2025 devem ser revisados."
680,neutro,neutro,neutro,neutro,alegria,positivo,alegria,positivo,alegria,positivo,"A manchete expressa uma expectativa de evento, o que pode gerar surpresa ou neutro dependendo do contexto, mas aqui a previsão de um encontro importante sugere uma rotina esperada, o que indica neutralidade. F1 detalha a busca de apoio por Gabriel Galípolo, o que é uma ação estratégica e não expressa carga emocional forte, mantendo a neutralidade. F2 traz uma expectativa positiva sobre a aprovação de Galípolo, refletindo confiança e otimismo, o que caracteriza alegria. F3 reforça essa expectativa ao mencionar a aprovação pelo plenário, mantendo a emoção de alegria. No geral, a notícia reflete otimismo e confiança na aprovação de Galípolo, indicando alegria.","Galípolo deve se encontrar com presidente da CAE, comissão responsável por sua sabatina no Senado","Gabriel Galípolo, indicado pelo presidente Lula para a presidência do Banco Central, iniciou sua rotina de contatos no Senado em busca de apoio para a sabatina prevista para a próxima semana.","A expectativa é de que sua aprovação seja tranquila, devido à sua experiência e proximidade com a equipe econômica do governo.","Após passar pela Comissão de Assuntos Econômicos, sua indicação deve ser aprovada pelo plenário do Senado na mesma data, 10 de setembro."
689,alegria,positivo,neutro,neutro,alegria,positivo,medo,negativo,alegria,positivo,"A manchete indica uma redução significativa na inflação, o que pode ser visto como positivo, pois aproxima-se da meta do BCE. No f1, a queda da inflação é descrita como impulsionada pela queda nos preços da energia, uma informação factual, mas que também pode ser vista como positiva. No f2, a redução da inflação é interpretada como uma possibilidade de redução nas taxas de juros, o que é positivo para o mercado. No f3, embora a inflação nos serviços e o mercado de trabalho apertado sejam fatores de risco, o texto é factual e não carrega uma emoção negativa dominante.","Inflação na zona do euro cai para 2,2% em agosto e aproxima-se da meta do BCE","A inflação interanual na zona do euro atingiu 2,2% em agosto, o menor nível em três anos, impulsionada principalmente pela queda de 3,0% nos preços da energia.","Os dados indicam uma tendência de redução da inflação, aproximando-se da meta de 2% do Banco Central Europeu, que pode levar a uma possível redução nas taxas de juros na próxima reunião em 12 de setembro.","No entanto, a inflação nos serviços, acima do objetivo, e o mercado de trabalho apertado representam fatores de risco que podem influenciar a postura do BCE diante de futuras decisões de política monetária."
694,medo,neutro,medo,negativo,neutro,neutro,neutro,neutro,neutro,neutro,"A manchete indica uma previsão de dificuldades para o sucessor, sugerindo uma emoção de medo devido à antecipação de pressões, mas com uma polaridade neutra por ser uma afirmação objetiva. O fragmento f1 confirma essa emoção de medo e uma polaridade negativa, devido à expectativa de pressões e desafios para o sucessor. O fragmento f2 enfatiza a importância da independência do Banco Central e uma avaliação baseada em decisões técnicas, indicando uma emoção neutra e polaridade neutra. O fragmento f3 menciona melhorias na inflação, sugerindo uma emoção de alegria e polaridade positiva, mas também alerta para riscos inflacionários, o que introduz uma emoção de medo e mantém a polaridade geral como neutra devido ao balanço entre informações positivas e riscos.","Campos Neto sobre Galípolo: 'vai passar por pressão, como eu passei'","Roberto Campos Neto afirmou que seu sucessor no Banco Central enfrentará pressões semelhantes às que ele enfrentou, destacando avanços institucionais e a necessidade de afastar a polarização em torno do cargo.","Ele ressaltou a importância da independência do BC e que a avaliação do próximo presidente deve se basear em decisões técnicas, independentemente de sua origem política.","Sobre a economia, Campos Neto destacou melhorias na inflação, mas alertou para riscos inflacionários no setor de energia e inflação de serviços, indicando a continuidade de atenção à política monetária."
758,neutro,neutro,medo,negativo,neutro,neutro,medo,negativo,medo,negativo,"A manchete apresenta uma discussão polêmica sobre a autonomia do Banco Central, o que pode gerar incertezas e expectativas variadas, mas não revela claramente uma emoção dominante, sendo neutra. No f1, a análise foca na busca do governo por controle final, o que sugere uma tentativa de equilibrar poderes e evitar perdas, gerando uma emoção de medo, com polaridade negativa. O f2 detalha a proposta de autonomia e supervisão, mantendo um tom neutro e factual, sem uma emoção dominante, classificando-se como neutro. O f3 discute preocupações e riscos, sugerindo incertezas e cautela, o que se alinha com a emoção de medo, com polaridade negativa. Considerando o contexto geral, a emoção predominante é o medo, com polaridade negativa, devido às incertezas e riscos associados à autonomia do BC.",Senado discute hoje autonomia do BC; governo quer ter direito de aprovar contas da autarquia,"O governo Lula não deve impedir a tramitação da PEC que propõe a autonomia financeira do Banco Central, mas busca garantir controle final sobre o orçamento e limitar remunerações ao teto do funcionalismo.","A proposta prevê que o BC seja uma empresa pública com autonomia orçamentária, enquanto o governo mantém a supervisão por meio do Conselho Monetário Nacional e do Congresso, além de estabelecer regras para contratação e salários.","A discussão envolve preocupações sobre o impacto na administração pública, o risco de precedentes para outras carreiras e a necessidade de equilibrar autonomia com responsabilidade fiscal."
761,medo,negativo,medo,negativo,medo,neutro,medo,negativo,medo,negativo,"A manchete sugere uma preocupação sobre o destino do crescimento da renda do brasileiro, que pode estar indo para jogos e apostas, o que gera uma emoção de medo devido à incerteza sobre o uso responsável desses recursos. A polaridade é negativa. No f1, a preocupação com a fuga de recursos das famílias para apostas e criptoativos reforça o sentimento de medo e uma polaridade negativa, devido ao risco de desestabilização financeira. Em f2, a discussão sobre stablecoins e sua opacidade gera uma emoção de medo, mas a ênfase na digitalização e inovação, como o uso do Pix, adiciona uma nota de alegria, resultando em uma polaridade neutra, pois ambas as emoções estão presentes. No f3, a dependência de serviços digitais e o risco de interrupções geram medo, com uma polaridade negativa, devido à potencial perda de funcionalidade essencial. A emoção geral da notícia é medo, com uma polaridade negativa, devido ao foco nas preocupações e riscos financeiros.","Crescimento da renda do brasileiro pode estar ‘vazando’ para jogos e apostas, sugere Galípolo","O diretor de Política Monetária do Banco Central, Gabriel Galípolo, destacou a preocupação das instituições financeiras com o crescimento das transações em plataformas de criptoativos e sites de apostas, associando esse aumento à possível fuga de recursos das famílias devido à estagnação do consumo e da poupança.","Ele também ressaltou a opacidade do interesse por stablecoins no Brasil, que podem ser utilizados tanto para acesso a contas em dólar quanto para especulação, além de enfatizar a importância da tecnologia e da digitalização, como o uso do Pix, para a inovação e a geração de dados que podem orientar futuras decisões de política monetária.","Por fim, Galípolo afirmou que a dependência de serviços digitais, como o Pix, atingiu um nível que, em caso de interrupções, poderia ser tão prejudicial quanto a falta de serviços básicos essenciais."
803,neutro,neutro,neutro,neutro,alegria,positivo,neutro,neutro,neutro,neutro,"A manchete expressa uma mistura de alegria e medo, destacando a melhora no poder de compra, mas alertando sobre riscos. O f1 apresenta uma emoção neutra ao descrever fatores positivos (melhora no poder de compra, qualidade no crédito, redução dos juros, aumento da renda) e negativos (pressões inflacionárias, incertezas domésticas). O f2 mostra alegria com a melhora quantitativa no poder de compra e redução da inadimplência. O f3, porém, volta a um tom neutro ao prever crescimento, mas também desaceleração e incertezas fiscais para 2025. No geral, a emoção dominante é neutra, pois, apesar das melhorias, há riscos e incertezas que equilibram o otimismo.","Poder de compra das famílias melhora, mas riscos seguem no radar","O cenário econômico de 2024 apresenta melhora no poder de compra das famílias, impulsionada por maior qualidade no crédito, redução dos juros e aumento da renda, apesar de pressões inflacionárias em alimentos e incertezas domésticas limitarem o ritmo de crescimento.","O Índice de Poder de Compra (IPC) cresceu 10,9% na variação anual entre janeiro e maio, refletindo avanços na concessão de crédito e na renda disponível, enquanto a inadimplência e os ativos problemáticos apresentaram redução, favorecendo condições financeiras mais favoráveis.","Para o restante de 2024, a expectativa é de crescimento de 8,0% no poder de compra, embora em 2025 o ritmo desacelere para 4,3%, com fatores como a desaceleração econômica e incertezas fiscais influenciando o cenário."
806,neutro,neutro,alegria,positivo,neutro,neutro,neutro,neutro,neutro,neutro,"A manchete e os fatos destacam um contexto de retrospectiva e análise sobre o Plano Real, com foco em seus primeiros anos e impactos. A manchete apresenta uma informação neutra, convidando o leitor a ver um episódio de série documental, sem carga emocional explícita. O f1 expressa uma narrativa de sucesso e controle da inflação, indicando alegria e positividade pela estabilização econômica. O f2 menciona crises e desafios enfrentados, mas sem um tom de pessimismo ou medo predominante, mantendo um registro neutro e informativo. O f3 reforça a perspectiva de aprendizado e análise, com um teor neutro, focando na divulgação de uma série documental.","Plano Real, 30 anos: Como foram os primeiros anos da moeda? Veja 4º episódio da série da EXAME","O Plano Real, implementado em 1° de julho de 1994, foi fundamental para controlar a inflação no Brasil, que caiu de 50% ao mês para 33% ao ano em julho de 1995.","Nos primeiros oito anos, o país passou por crises internacionais, crises bancárias e cambiais, além da reeleição de FHC, consolidando a moeda e estabelecendo o tripé macroeconômico.","A série documental da EXAME, lançada em comemoração aos 30 anos da moeda, revela os bastidores e desafios enfrentados durante esse período, com entrevistas de economistas, empresários e autoridades do setor financeiro."
811,tristeza,negativo,tristeza,negativo,neutro,neutro,alegria,positivo,tristeza,negativo,"A manchete transmite uma notícia negativa, indicando um déficit na conta corrente do Brasil, o que sugere uma emoção de tristeza e uma polaridade negativa. O f1 reforça essa emoção e polaridade ao detalhar o aumento do déficit em relação ao ano anterior. O f2 apresenta uma informação neutra, ao mostrar o déficit acumulado e os investimentos diretos, sem carga emocional significativa, sugerindo uma emoção neutra e polaridade neutra. O f3, por outro lado, apresenta uma informação positiva sobre o crescimento das reservas internacionais, sugerindo uma emoção de alegria e uma polaridade positiva.","Brasil tem déficit em conta corrente de US$ 4 bi em junho, mostra Banco Central","O Brasil registrou um déficit em suas transações correntes de US$ 4,029 bilhões em junho de 2024, um aumento em relação ao saldo negativo de US$ 182 milhões no mesmo período do ano anterior.","No acumulado de 12 meses, o déficit atingiu US$ 31,453 bilhões, representando 1,41% do PIB, enquanto os investimentos diretos no país somaram US$ 70,325 bilhões no mesmo período.","As reservas internacionais totalizaram US$ 357,8 bilhões em junho, com um crescimento de US$ 2,3 bilhões em relação a maio."
812,alegria,positivo,alegria,positivo,alegria,positivo,alegria,positivo,alegria,positivo,"A manchete é positiva, destacando o crescimento significativo da arrecadação federal. F1 confirma essa emoção ao detalhar o crescimento de 11,02%, indicando um bom desempenho econômico. F2 reforça a alegria ao mencionar o melhor resultado de arrecadação no primeiro semestre, com alta de 9,08%. F3 explica os fatores que contribuíram para esse crescimento, incluindo eventos macroeconômicos positivos e alguns atípicos, mas mantém a emoção geral de alegria. A polaridade de cada parte é positiva, assim como a geral.","Arrecadação federal cresce 11,02% em junho e chega a R$ 208,8 bilhões","A arrecadação do governo federal em junho de 2024 atingiu R$ 208,844 bilhões, representando o melhor desempenho para o mês na história, com crescimento real de 11,02% em relação ao mesmo período do ano anterior.","No acumulado do primeiro semestre, a arrecadação totalizou R$ 1,289 trilhão, o que também é o melhor resultado desde 2000, com alta de 9,08% em relação a 2023.","O aumento foi impulsionado por fatores como a recuperação macroeconômica, a retomada da tributação sobre combustíveis e fundos exclusivos, além de eventos atípicos como enchentes no Rio Grande do Sul."
815,medo,negativo,medo,negativo,medo,negativo,medo,negativo,medo,negativo,"A manchete expressa álise com uma polaridade negativa devido ao aumento da desigualdade financeira, destacado pelo aumento da fortuna dos mais ricos. f1 reforça essa análise ao mencionar o crescimento da fortuna dos ricos e a redução das taxas de impostos, indicando um sentimento de medo pela crescente desigualdade e injustiça fiscal. f2 traz um sentimento de medo, pois discute a dificuldade de implementar um imposto global devido à oposição de países influentes como os EUA, sugerindo incerteza e volatilidade nas políticas globais. f3 reforça o medo ao alertar sobre a crescente desigualdade e a redução das taxas de imposto, enquanto defende a necessidade de uma medida fiscal mais rigorosa para combater essa desigualdade, indicando uma preocupação com o futuro. No geral, a notícia expressa medo e uma polaridade negativa, focando na desigualdade econômica e na dificuldade de mudar a situação atual.",Estudo aponta que 1% mais rico aumentou fortuna em R$ 226 trilhões em 10 anos,"Nos últimos dez anos, a fortuna do 1% mais rico do planeta cresceu em 42 bilhões de dólares, enquanto suas taxas de impostos atingiram níveis historicamente baixos, segundo a Oxfam.","A reunião do G20, realizada no Rio de Janeiro, discute a implementação de um imposto global sobre os super-ricos, uma proposta apoiada por países como Brasil, França e África do Sul, mas rejeitada pelos Estados Unidos.","A ONG alerta que a parcela de renda do 1% mais rico aumentou 45% nas últimas quatro décadas, enquanto as taxas de imposto sobre sua riqueza foram reduzidas em um terço, defendendo a necessidade de um imposto anual de pelo menos 8% para combater a desigualdade extrema."
818,neutro,neutro,raiva,negativo,neutro,neutro,alegria,positivo,neutro,neutro,"A manchete expressa uma opinião sobre a origem dos problemas fiscais no Brasil, o que gera um sentimento de 'Neutro' pois é uma afirmação factual sem carga emocional forte. O f1 destaca uma crítica aos gastos tributários, o que pode ser interpretado como 'Raiva' devido à referência a 'privilégios dos ricos' e ao desequilíbrio fiscal, e tem polaridade 'negativa'. O f2 fornece dados concretos sobre a diferença de custos entre gastos tributários e o Bolsa Família, sendo 'Neutro' e 'neutro' em polaridade, pois é uma informação factual. O f3 reafirma compromissos políticos com justiça social e manutenção de políticas sociais, o que pode ser visto como 'Alegria' e 'positivo' devido ao otimismo e confiança nas políticas que reduzem desigualdades sociais. A emoção geral é 'Neutro' porque a notícia como um todo apresenta informações factuais com algumas críticas e reafirmações políticas, mas sem uma emoção dominante clara. A polaridade geral é 'neutro' porque as informações factuais se sobrepõem aos elementos emocionais.","‘Problema dos gastos no Brasil não é ter os pobres no Orçamento’, diz Simone Tebet","A ministra do Planejamento, Simone Tebet, afirmou que os gastos com benefícios sociais, como o Bolsa Família, não são responsáveis pelos desequilíbrios fiscais no Brasil, destacando que os privilégios dos ricos, por meio de gastos tributários, representam uma parcela maior do orçamento.","Ela informou que esses gastos tributários aumentaram de 2% para cerca de 5,8% do PIB nos últimos anos, totalizando aproximadamente R$ 615 bilhões anuais, enquanto o Bolsa Família custa R$ 160 bilhões por ano.","A ministra destacou a importância de revisar esses incentivos fiscais para melhorar a justiça social e garantiu a manutenção da regra de reajuste do salário mínimo até 2026, defendendo políticas que reduzam as desigualdades sociais."
820,tristeza,negativo,medo,neutro,alegria,positivo,tristeza,negativo,tristeza,negativo,"A manchete expressa uma redução significativa nas projeções financeiras, sugerindo frustração e pessimismo. No entanto, o f1 explica detalhadamente as razões da redução, caracterizando uma emoção de Medo devido à incerteza e volatilidade, mas com uma polaridade Neutra, pois é uma descrição factual das mudanças nas projeções. O f2 apresenta um contraste positivo, destacando o cumprimento das metas de arrecadação recorrente, o que remete à Alegria e uma polaridade Positiva. O f3, por sua vez, volta a um contexto negativo, mencionando necessidades de receitas para compensar desonerações e impactos negativos na arrecadação, remetendo à Tristeza e uma polaridade Negativa. No geral, a emoção dominante da notícia é a Tristeza, considerando que os problemas de arrecadação e as dificuldades futuras são os elementos mais marcantes.","Governo reduz projeção de arrecadação extra com Carf em 2024 de R$ 55,6 bi para R$ 37 bi","O governo reduziu a projeção de arrecadação extraordinária com os julgamentos do Carf de R$ 55,6 bilhões para R$ 37,7 bilhões, devido ao atraso na entrada de recursos e ao deslocamento das expectativas para o segundo semestre.","Apesar das frustrações na arrecadação, o secretário do Fisco destacou que as metas de arrecadação recorrente foram atingidas no primeiro semestre, com crescimento real de 9% no ano até junho.","Para compensar as desonerações e despesas adicionais, o governo estima necessidade de R$ 26,2 bilhões em receitas, enquanto o Congresso projeta R$ 17 bilhões, e o aumento nas compensações tributárias impactou negativamente a arrecadação de PIS/Cofins."
832,neutro,neutro,neutro,neutro,alegria,positivo,neutro,neutro,neutro,neutro,"A manchete expressa uma ação governamental, o que pode ser interpretado como neutro, mas considerando a economia esperada, pode haver uma leve alegria. No f1, a emoção é neutra, pois transmite informações factuais sobre a economia esperada. No f2, a emoção é de alegria, pois indica que a revisão visa garantir recursos para áreas prioritárias sem prejudicar obras em andamento, transmitindo uma mensagem positiva sobre a eficiência governamental. No f3, a emoção é neutra, pois trata de informações factuais sobre o processo orçamentário. A emoção geral da notícia é neutra, pois embora haja elementos de alegria, a maior parte do texto é informativo e não carrega uma emoção dominante.",Haddad diz que discutiu com Lula investimentos para pente-fino de benefícios do INSS,"O ministro da Fazenda, Fernando Haddad, afirmou que o governo está realizando uma checagem de cadastros de benefícios do INSS para economizar entre R$ 20 bilhões e R$ 30 bilhões, contribuindo para a meta fiscal de 2025.","A revisão visa ajustar os programas ao Orçamento e às leis, garantindo recursos para áreas prioritárias como saúde e educação, sem afetar obras já iniciadas pelo PAC.","Os limites de gastos para o próximo ano já foram definidos e estão sendo adaptados às regras do arcabouço fiscal, com o Projeto de Lei Orçamentária Anual (PLOA) previsto para envio ao Congresso até 31 de agosto."
861,neutro,neutro,neutro,neutro,medo,negativo,neutro,neutro,neutro,neutro,"A manchete reflete uma neutralidade devido à transmissão de uma informação factual sobre um acordo. O f1 apresenta uma informação neutra, descrevendo o acordo e as discussões sem expressar uma opinião ou sentimento específico. O f2 introduz uma emoção de medo, devido à incerteza e preocupação sobre o impacto fiscal e a gestão dos recursos, com debates intensos. O f3 volta a apresentar uma informação neutra, destacando o objetivo da proposta e a busca por consenso, sem expressar uma emoção clara. No geral, a notícia é neutra, pois embora o medo seja uma emoção presente, o texto principal foca em informar sobre o acordo e as discussões em curso.",Governo faz acordo para discutir autonomia financeira do BC sem transformação em empresa pública,"O governo e o Senado discutem a proposta de autonomia orçamentária e financeira do Banco Central, sem a transformação da autarquia em empresa pública, após acordo na CCJ.","O projeto, que busca garantir maior independência ao BC, enfrenta resistência quanto à mudança de status para empresa pública e à gestão dos recursos, com debates sobre o impacto fiscal e a necessidade de manter a autonomia administrativa.","A proposta visa alinhar o BC às melhores práticas internacionais, mas ainda aguarda consenso na comissão, enquanto o governo busca um formato que preserve a autonomia sem comprometer as contas públicas."
870,neutro,neutro,neutro,neutro,neutro,neutro,neutro,neutro,neutro,neutro,"A manchete é neutra, pois apenas informa sobre uma previsão para o salário mínimo em 2025. Não há palavras que expressem emoção ou opinião. O f1 apresenta uma informação positiva, destacando um aumento específico no salário mínimo, o que geralmente é visto como algo bom. No entanto, a informação é factual e não carrega uma carga emocional forte, sendo classificada como neutra. O f2 explica a base da estimativa, que é uma política de valorização, o que pode gerar uma sensação de segurança e confiança, mas ainda é uma informação neutra e factual. O f3 informa sobre a tramitação da LDO, o que é uma informação rotineira e sem carga emocional, classificada como neutra. O sentimento geral da notícia é neutro, pois transmite informações factuais sobre a previsão do salário mínimo e a política que a sustenta, sem expressar emoções fortes ou opiniões.",Salário mínimo 2025: quanto será? Veja previsão,"O governo federal propôs um salário mínimo de R$ 1.501,94 para 2025, representando um aumento de 6,36% em relação ao valor atual de R$ 1.412.","A estimativa foi baseada na política de valorização do salário, que considera o INPC dos últimos 12 meses até novembro e o PIB consolidado de dois anos anteriores, que totalizou 2,9% em 2023.","A votação da Lei de Diretrizes Orçamentárias (LDO) no Congresso está prevista para ocorrer após o recesso, possivelmente no final de agosto, e, se aprovada, o reajuste será aplicado até que uma nova lei o modifique."
893,neutro,neutro,neutro,neutro,surpresa,neutro,neutro,neutro,neutro,neutro,"A manchete indica uma desaceleração da inflação, o que geralmente é uma notícia positiva para o mercado. No entanto, a polaridade é neutra porque também menciona um acumulado de 12 meses que ainda está em 4,23%, o que não é alarmante, mas também não é uma celebração de alegria. F1 também apresenta uma perspectiva neutra, pois embora a inflação tenha desacelerado, não há uma exaltação de ganhos extraordinários ou de superação de expectativas. F2 mostra uma emoção de surpresa, pois apresenta uma mistura de altas e baixas em preços de alimentos, o que pode não estar totalmente alinhado com as expectativas, mas não é suficiente para gerar uma polaridade negativa ou positiva dominante. F3 é neutro, pois é informativo e descreve o método de cálculo do IPCA sem emitir opinião ou causar reações emocionais. A emoção geral da notícia é neutra, pois não há elementos suficientes para inclinar a balança para uma emoção positiva ou negativa.","Inflação de junho desacelera e fica em 0,21%; IPCA acumulado de 12 meses chega a 4,23%","O IPCA, índice oficial de inflação do Brasil, fechou junho com alta de 0,21%, abaixo das expectativas do mercado, acumulando 2,48% no ano e 4,23% nos últimos 12 meses.","Os preços de alimentos e bebidas desaceleraram, com destaque para a queda de itens como cenoura, cebola e frutas, enquanto produtos como batata, leite, arroz e café apresentaram alta.","O cálculo do índice é realizado com base em uma amostra de cerca de 400 itens, ponderados de acordo com os gastos das famílias brasileiras, sendo utilizado para monitorar a inflação oficial do país."
897,alegria,positivo,alegria,positivo,alegria,positivo,alegria,positivo,alegria,positivo,"A manchete expressa alegria e positividade ao anunciar que São Paulo está liderando um setor importante e atraindo investimentos significativos. O f1 reforça essa alegria com a informação concreta dos investimentos e comparação com outras regiões globais. O f2 mantém a alegria ao detalhar ações concretas e positivas, como a construção de prédios e programas de capacitação. O f3 também apresenta alegria ao mencionar esforços para o desenvolvimento regional e a diversificação econômica, que são vistos como positivos. A emoção dominante da notícia como um todo é a alegria, com uma polaridade positiva, pois todos os trechos destacam crescimento, liderança e investimentos.","SP vai liderar o setor de Data Center e já conseguimos R$ 50 bi em investimento, diz secretário","O secretário de Desenvolvimento Econômico de São Paulo, Jorge Lima, afirmou que o estado pretende liderar o setor de Data Center, competindo com regiões como Virgínia, nos EUA, e Índia, e já atraiu R$ 50 bilhões em investimentos nesse segmento.",Ele destacou a criação de mais de 18 prédios de data center em construção e a implementação de programas de capacitação para atender à demanda do setor.,"Além disso, Lima ressaltou os esforços do governo para promover o desenvolvimento regional, diversificando a economia e estimulando o crescimento em diferentes regiões do estado."
900,neutro,neutro,medo,negativo,alegria,positivo,neutro,neutro,neutro,neutro,"A manchete apresenta uma mistura de informações factuais e expectativas, mas sem expressar uma emoção clara, portanto, é considerada neutra. O f1 apresenta mudanças que podem gerar incertezas e medo, especialmente sobre as exclusões e inclusões na tributação, o que caracteriza uma polaridade negativa. O f2 descreve medidas positivas, como a transição e o cashback, transmitindo um sentimento de alegria e otimismo, com polaridade positiva. O f3, por fim, reitera que as alterações ainda estão em tramitação e não têm impacto imediato, mantendo um tom neutro. No geral, a notícia é neutra, pois, apesar das partes com emoções variadas, não há um sentimento dominante claro.",Isenções e 'imposto do pecado': entenda nova versão do projeto que regulamenta Reforma Tributária,"Após mais de dois meses de discussões, o projeto de lei complementar que regulamenta a Reforma Tributária sobre o consumo recebeu mudanças na Câmara dos Deputados, incluindo a exclusão das carnes na cesta básica com isenção de IVA e a ampliação do Imposto Seletivo para carros elétricos e apostas.","O texto, que exige maioria absoluta para aprovação em um único turno, prevê um prazo de transição de 2026 a 2033 para a implementação das novas regras, além de criar a figura do nanoempreendedor e estabelecer o sistema de cashback para famílias de baixa renda.","As alterações, que ainda podem sofrer novas modificações durante a tramitação, refletem ajustes na lista de produtos tributados, na inclusão de novos itens no Imposto Seletivo e na definição de categorias de empreendedores, sem impacto imediato na legislação vigente."
915,alegria,positivo,alegria,positivo,alegria,positivo,neutro,neutro,alegria,positivo,"A manchete indica uma novidade que pode ser vista como positiva no setor financeiro, o que gera uma emoção de alegria com uma polaridade positiva. O fragmento 1 reforça essa emoção, ao destacar o lançamento da sede e a previsão de operação, mostrando uma perspectiva de crescimento e inovação. O fragmento 2 traz detalhes sobre a iniciativa e o objetivo de competir com a B3 e criar uma Bolsa de Crédito de Carbono, que também é visto como uma notícia positiva e inovadora, gerando alegria. O fragmento 3 menciona etapas essenciais para a implementação da bolsa, apresentando uma informação neutra, sem carga emocional específica, mas importante para a compreensão do processo.",Nova Bolsa de Valores é lançada no Rio e deve operar a partir de 2025,"A cidade do Rio de Janeiro foi oficializada como sede da nova bolsa de valores brasileira, a ATS, com operações previstas para começar até o segundo semestre de 2025.","A iniciativa, que inclui a redução do ISS para 2%, visa atrair investimentos e competir com a B3, além de criar a primeira Bolsa Brasileira de Crédito de Carbono na capital carioca.",A aprovação do projeto de lei e a regulamentação pelos órgãos reguladores são etapas essenciais para a implementação da nova bolsa.
938,neutro,neutro,neutro,neutro,medo,negativo,neutro,neutro,neutro,neutro,"A manchete é neutra, pois apenas relata uma afirmação do presidente do Banco Central sem transmitir emoção ou opinião. O f1 mantém a neutralidade ao detalhar a afirmação de Campos Neto, focando em fatos e declarações diretas. O f2 transmite medo ao reforçar a cautela e vigilância do Banco Central sobre a inflação, indicando preocupação com o futuro econômico. O f3 é neutro, pois aborda uma negativa de pretensões políticas, transmitindo informações factuais. A emoção geral da notícia é neutra, pois predomina a transmissão de informações factuais, sem carga emocional intensa.",Campos Neto afirma que alta de juros não está no cenário base do Banco Central,"O presidente do Banco Central, Roberto Campos Neto, afirmou que a alta de juros não faz parte do cenário base do Comitê de Política Monetária (Copom) e que a comunicação após a última reunião não sinalizou essa possibilidade.","Ele destacou que o BC permanece vigilante, mas sem intenção de orientar os próximos passos da política monetária, reforçando a cautela na condução da inflação.",Campos Neto também negou qualquer pretensão política e afirmou nunca ter conversado com Tarcísio de Freitas sobre uma eventual candidatura dele à presidência ou uma eventual indicação ao Ministério da Fazenda.
939,alegria,positivo,alegria,positivo,medo,negativo,neutro,neutro,neutro,neutro,"A manchete expressa alegria pela melhoria nas projeções do PIB, mas neutralidade quanto à inflação. A f1 apresenta uma perspectiva positiva de crescimento econômico, enquanto a f2 aponta para uma inflação acima da meta, gerando um sentimento de medo sobre as expectativas econômicas futuras. A f3 destaca uma ação necessária para controlar a inflação, apresentando uma perspectiva neutra, mas com um tom de cautela e decisão. No geral, a notícia tem uma polaridade neutra, pois, embora haja uma expectativa positiva de crescimento, há também uma preocupação com a inflação e a necessidade de intervenção monetária.","BC eleva projeções de PIB para 2,3% e de inflação para 4% em 2024","O Banco Central revisou para cima a projeção de crescimento do PIB em 2024, de 1,9% para 2,3%, devido ao ritmo forte da atividade econômica e ao mercado de trabalho aquecido.","As projeções de inflação também aumentaram, com o IPCA previsto para encerrar 2024 em 4,0%, acima da meta de 3,0%, influenciadas por fatores como a depreciação cambial e expectativas de inflação elevadas.",A autoridade monetária destacou que o aumento da taxa de juros real foi essencial para conter a inflação e evitar uma elevação mais acentuada nas projeções.
945,neutro,neutro,alegria,positivo,tristeza,positivo,neutro,neutro,neutro,neutro,"A manchete apresenta uma notícia neutra sobre o índice IPCA-15, destacando a taxa de inflação e a acumulação em 12 meses sem expressar uma emoção clara. O f1 apresenta uma leve alegria ao indicar que a inflação ficou abaixo das expectativas do mercado, o que é positivo para a economia. O f2 apresenta uma mistura de emoções, mas o foco na alta de preços em algumas categorias sugere uma leve tristeza, ainda que positivo ao destacar quedas em itens específicos. O f3 é neutro, pois fornece informações factuais sobre como o índice é calculado. A emoção geral da notícia é neutra, pois a informação é apresentada de forma factual, embora contenha elementos positivos.","IPCA-15 de junho fica em 0,39%; inflação acumulada de 12 meses vai a 4,06%","O IPCA-15 de junho fechou em 0,39%, abaixo da expectativa do mercado, refletindo alta de 4,06% nos últimos 12 meses.","A principal influência foi o aumento nos preços de alimentos, bebidas, habitação e cuidados pessoais, enquanto itens como feijão, cebola e frutas apresentaram quedas.","O índice é calculado pelo IBGE com base em uma amostra de produtos e serviços representativos dos gastos das famílias brasileiras, sendo o principal indicador oficial de inflação no país."
947,alegria,positivo,alegria,positivo,neutro,neutro,neutro,neutro,alegria,positivo,"A manchete expressa um sentimento de alegria e positividade, pois anuncia uma aprovação que tem como objetivo ampliar a capacidade financeira do BNDES. A seção f1 também apresenta uma perspectiva positiva, destacando a criação de uma nova modalidade de renda fixa que aumenta o lastro financeiro do banco, indicando alegria. A seção f2 continua com uma emoção neutra, pois fornece informações factuais sobre a similaridade da LCD com outras modalidades e a necessidade de regulamentação, sem expressar opinião ou especulação. A seção f3 apresenta uma situação que requer ação e negociação, mas não indica uma emoção dominante clara, sendo classificada como neutra devido ao seu caráter informativo e à ausência de carga emocional explícita. A emoção geral da notícia é alegria, pois o foco principal é a criação de uma nova modalidade financeira que beneficia o BNDES e, potencialmente, os investidores.",Comissão do Senado aprova projeto para nova modalidade de renda fixa que amplia capacidade do BNDES,"A Comissão de Assuntos Econômicos do Senado aprovou a criação da Letra de Crédito de Desenvolvimento (LCD), uma nova modalidade de renda fixa gerida pelo BNDES e instituições estaduais, com o objetivo de ampliar o lastro financeiro do banco público.","A LCD, similar à LCI e LCA, terá isenção de imposto de renda para os investidores e precisará ser regulamentada pelo Conselho Monetário Nacional, uma vez gerida por um banco público.","O BNDES busca apoio do Ministério do Trabalho e Emprego para propor uma emenda à Constituição que reverte a inclusão do INSS no financiamento do Fundo de Amparo ao Trabalhador, que atualmente reduz os recursos disponíveis ao banco."
952,neutro,neutro,medo,negativo,neutro,neutro,surpresa,neutro,neutro,neutro,"A manchete expressa expectativa e cautela, sugerindo “neutro”, pois não revela uma emoção clara. O f1 apresenta um cenário de cautela e incerteza, caracterizando “medo” com polaridade “negativa”, devido ao cenário global incerto e à resiliência da atividade doméstica que justificou a interrupção do corte de juros. O f2 reforça a cautela com um cenário alternativo e projeções de inflação, indicando “neutro”, pois transmite informações factuais e rotineiras sobre a decisão do Copom. O f3 reflete a expectativa dos economistas por mais detalhes, sugerindo “surpresa” com polaridade “neutra”, pois a decisão gerou incertezas e a expectativa por mais detalhes. No geral, a notícia transmite um sentimento de cautela e expectativa, resultando em “neutro” com polaridade “neutra”, pois não há uma carga emocional ou especulativa dominante.",Ata do Copom deve trazer mais detalhes sobre consenso para interromper corte de juros,"O Banco Central anunciou na ata do Copom que interrompeu o ciclo de cortes na taxa Selic, mantendo-a em 10,50% ao ano por unanimidade, devido ao cenário global incerto e à resiliência da atividade doméstica.","O documento também apresentou um cenário alternativo de estabilidade da Selic até o fim de 2025, com projeções de inflação próximas à meta, reforçando a cautela do colegiado.",Economistas aguardam explicações mais detalhadas na ata sobre essa decisão e sobre as perspectivas futuras da política monetária diante das incertezas fiscais e externas.
961,alegria,positivo,alegria,positivo,alegria,positivo,alegria,positivo,alegria,positivo,"A manchete expressa uma expectativa positiva devido ao acordo entre governo, estados e senadores, indicando uma resolução para a dívida dos estados. A f1 apresenta informações positivas sobre a redução de juros e investimentos em áreas prioritárias, sugerindo alegria. A f2 continua com a mesma emoção ao detalhar os benefícios do fundo de equalização e as metas de educação, reforçando a expectativa positiva. A f3 mantém a polaridade positiva ao mencionar a expectativa de conclusão do projeto, sugerindo confiança e otimismo.",Governo e estados acertam criação de fundo em projeto sobre dívida dos estados,"O governo, estados e senadores chegaram a um acordo sobre a renegociação da dívida dos estados, propondo redução de juros para 2% ou 3% e investimentos em educação e infraestrutura.","A proposta inclui a criação de um fundo de equalização que beneficiará estados com e sem dívidas, além de estabelecer metas de expansão do ensino médio técnico para concessão de juros menores.","A expectativa é que o projeto seja finalizado até a próxima semana, consolidando uma estratégia de investimentos e redução de juros alinhada às negociações em andamento."
973,neutro,neutro,neutro,neutro,neutro,neutro,neutro,neutro,neutro,neutro,"A manchete indica uma proposta de substituição de medida provisória, o que sugere uma ação proativa do governo e do Senado, levando a uma classificação como neutra. No f1, há informações sobre medidas de arrecadação para compensar a desoneração, sugerindo uma postura de planejamento e solução de problemas, o que é neutro. Em f2, são detalhadas as medidas compensatórias, incluindo captura de depósitos judiciais e reoneração gradual, mantendo o tom de informação factual e planejamento, classificado como neutro. O f3 menciona a busca por reduzir gastos públicos, incluindo ações específicas no Rio Grande do Sul, reforçando a ideia de medidas de ajuste fiscal, o que também é neutro. Assim, a emoção geral da notícia é neutra, focando em informações factuais sobre medidas econômicas.",Governo e Senado acertam ajustes do PL para substituir MP do PIS/Cofins,"O líder do governo no Senado, Jaques Wagner, e o presidente da Casa, Rodrigo Pacheco, estão finalizando uma proposta de medidas de arrecadação para compensar a desoneração da folha de pagamento de setores que mais empregam e pequenas prefeituras.","A proposta, que substituirá uma medida provisória rejeitada pelo Senado, inclui alternativas como a captura de depósitos judiciais e a repatriação de recursos no exterior, além de estabelecer regras de reoneração gradual para municípios.","A votação deve ocorrer em julho, enquanto o governo busca formas de reduzir gastos públicos, como a filtragem de cadastros de benefícios sociais no Rio Grande do Sul."
976,alegria,positivo,alegria,positivo,alegria,positivo,alegria,positivo,alegria,positivo,"A manchete expressa alegria devido à inauguração de uma nova unidade de produção que representa um avanço tecnológico e sustentável. O f1 continua com alegria ao detalhar o investimento estrangeiro e a inovação na produção de petróleo sintético. O f2 mantém a emoção de alegria ao descrever o processo sustentável e a colaboração com a UFPR. O f3 reforça a alegria ao apontar o potencial do Paraná e do Brasil como líderes na produção de SAF, destacando a contribuição para a redução de emissões no setor aéreo. A polaridade geral da notícia é positiva, pois reflete um avanço tecnológico e sustentável com impactos positivos para o meio ambiente e a economia.",Itaipu inaugura unidade de produção de petróleo sintético com energia limpa,"A usina de Itaipu inaugurou uma unidade piloto de produção de petróleo sintético, voltada para a fabricação de SAF (Combustível Sustentável de Aviação), com investimento de R$ 10 milhões do governo alemão.","A planta utiliza biogás e hidrogênio verde, produzindo inicialmente 6 kg de biosyncrude por dia, que será refinado na UFPR para gerar combustíveis de aviação mais sustentáveis.","O projeto destaca o potencial do Paraná e do Brasil para se tornarem relevantes na produção de SAF, contribuindo para a redução de emissões no setor aéreo, que busca ampliar o uso de combustíveis sintéticos até 2030."
997,neutro,neutro,neutro,neutro,neutro,neutro,neutro,neutro,neutro,neutro,"A manchete expressa uma expectativa baseada em previsões do Itaáu, que não evoca uma emoção específica, mas sim uma neutralidade informativa. O f1 apresenta informações neutras sobre a política monetária do Fed, com um tom de previsão, o que indica uma emoção neutra. O f2 descreve um cenário econômico com crescimento revisado e inflação moderada, ainda dentro do contexto de expectativas, mantendo a neutralidade. O f3 projeta um futuro cenário de corte de juros, com base em expectativas de desaceleração da inflação e manutenção de uma atividade econômica sólida, reforçando uma postura de neutralidade na informação.","Fed deve manter juros inalterados nos EUA até o fim do ano com pressões inflacionárias, prevê Itaú","O Federal Reserve deve manter os juros inalterados na reunião de 12 de abril, mesmo com sinais de desaceleração na atividade econômica e na inflação.","O crescimento do PIB no primeiro trimestre dos Estados Unidos foi revisado para 2,0%, apoiado pela demanda doméstica, enquanto a inflação permanece elevada, embora moderada em abril.","O banco Itaú Unibanco projeta que o corte de juros só ocorrerá em dezembro, após confirmação de uma desaceleração consistente da inflação e manutenção de uma atividade econômica sólida."
1026,neutro,neutro,neutro,neutro,medo,negativo,alegria,positivo,neutro,neutro,"A manchete expressa uma ética neutra ao informar a aprovação de uma nova taxacao e programa sem demonstrar emoção. A f1 tambem é neutra, apresentando fatos sobre a taxacao e a discussao em torno da isencao. A f2 apresenta uma emoçao de medo, pois a necessidade de retorno do projeto a Câmara cria incerteza e tensão. A f3 reflete alegria, pois descreve benefícios e metas positivas do programa Mover, como incentivos fiscais e redução de emissões de carbono.",Senado aprova Mover e taxação de compras de até US$ 50 em sites como Shein e AliExpress,"O Senado aprovou o projeto de lei que cria o Programa Mobilidade Verde e Inovação (Mover), além de decidir pela alíquota de 20% para compras internacionais de até US$ 50, com a isenção do imposto de importação sendo mantida em discussão.","A aprovação ocorreu após negociações entre os líderes da Casa, mas o texto retornará à Câmara dos Deputados devido a alterações, gerando tensões entre o governo e o Congresso.","O programa prevê incentivos fiscais, créditos financeiros de até R$ 19,3 bilhões entre 2024 e 2028, e metas de redução de 50% nas emissões de carbono até 2030, com foco na sustentabilidade e desenvolvimento industrial no Brasil."
1046,medo,negativo,medo,negativo,medo,negativo,medo,negativo,medo,negativo,"A manchete reflete uma expectativa de aumento da inflação, o que pode gerar medo de um cenário econômico menos favorável. No f1, a inflação é projetada para subir, reforçando o sentimento de medo. No f2, a projeção de inflação continua subindo, enquanto o PIB permanece estável, o que mantém o medo, mas adiciona uma neutralidade quanto ao crescimento econômico. No f3, o aumento das expectativas da taxa Selic e a estabilidade do dólar contribuem para o sentimento de medo, pois podem indicar uma política monetária mais restritiva. No geral, a emoção dominante é o medo, com polaridade negativa.","Boletim Focus: mercado eleva projeções do IPCA de 2024, 2025 e 2026 pela 2ª semana consecutiva","Os analistas de mercado elevaram as projeções do IPCA para 2024, de 3,86% para 3,88%, pela quarta semana consecutiva, refletindo expectativas de aumento da inflação.","As previsões para 2025 e 2026 também subiram, passando de 3,75% para 3,77% e de 3,58% para 3,60%, respectivamente, enquanto as projeções para o PIB permaneceram estáveis.","Além disso, as expectativas para a taxa Selic aumentaram, chegando a 10,25% em 2024 e a 9,18% em 2025, com o dólar mantido em US$ 5,05 para 2024."
1049,desprezo,negativo,desprezo,negativo,neutro,neutro,alegria,neutro,desprezo,negativo,"A manchete expressa frustração e um sentimento de desprezo pela dinâmica de comunicação entre a Fazenda e o Banco Central, sugerindo que o BC prioriza o mercado financeiro. F1 confirma essa frustração, com uma polaridade negativa devido à crítica implícita. F2 apresenta uma postura de busca por estabilidade, indicando uma emoção neutra e uma polaridade neutra. F3 reforça compromissos financeiros, com uma emoção de alegria devido ao compromisso com ajustes fiscais, mas a polaridade é neutra, pois é informativo e não expressa uma emoção forte. O sentimento geral da notícia é de desprezo, com uma polaridade negativa devido à crítica inicial.","""Às vezes, dá impressão de que conversar com a Fazenda é pecado"", diz Haddad sobre Banco Central","O ministro da Fazenda, Fernando Haddad, afirmou que o Banco Central mantém conversas mais frequentes com o mercado financeiro do que com o próprio ministério, e que a indicação do novo presidente do BC é uma prerrogativa do presidente Lula.",Ele destacou que o governo não cogita alterar a meta de inflação e que busca manter o diálogo com diversos setores da economia para evitar volatilidade no mercado.,"Haddad também reforçou o compromisso com o controle de gastos públicos e a continuidade do ajuste fiscal, minimizando rumores sobre possíveis desvios de compromisso."
1076,medo,negativo,medo,negativo,neutro,neutro,medo,negativo,medo,negativo,"A manchete expressa preocupação com a inflação, sugerindo medo de um aumento inesperado. O f1 também reflete medo, pois menciona a alta dos alimentos e a tragédia climática como impulsionadores, indicando antecipação de perdas econômicas. O f2 é neutro, pois fornece informações factuais sobre a produção agrícola no Rio Grande do Sul sem carregar uma emoção dominante. O f3 expressa medo, pois aborda incertezas econômicas e possíveis impactos no quadro fiscal, reforçando a antecipação de dificuldades econômicas. A emoção geral da notícia é medo, refletindo a incerteza e a antecipação de dificuldades econômicas.","País pode ter inflação maior que o esperado por causa da tragédia climática no RS, diz Campos Neto","A alta dos alimentos no Brasil, impulsionada pela tragédia climática no Rio Grande do Sul, pode elevar a inflação além do esperado, segundo o presidente do Banco Central, Roberto Campos Neto.","O estado, responsável por uma significativa parcela da produção agrícola nacional, sofreu danos que afetam itens como arroz, aveia e trigo, impactando o IPCA.","Campos Neto destacou a incerteza sobre os custos de reconstrução e seu possível efeito no quadro fiscal brasileiro, ressaltando que a inflação de alimentos deve permanecer elevada globalmente."
1081,neutro,neutro,neutro,neutro,neutro,neutro,medo,negativo,medo,neutro,"A manchete expressa uma expectativa cautelosa sobre a economia dos EUA, o que sugere um sentimento de 'neutro' com uma leve inclinação ao 'medo', devido à incerteza sobre o tempo necessário para atingir a meta de inflação. F1 reforça essa incerteza com uma análise factual, mantendo o sentimento 'neutro'. F2 apresenta uma informação positiva sobre o mercado de trabalho, mas ainda dentro de uma perspectiva de cautela, o que caracteriza uma polaridade 'neutro' com emoção 'neutro'. F3 adiciona um componente de 'medo' ao mencionar riscos inflacionários e a lenta desaceleração da inflação, apesar de manter uma abordagem factual. Geralmente, o texto reflete uma postura cautelosa e incerta, dominada pelo 'medo' devido à lentidão na desaceleração da inflação e ao tempo necessário para alcançar a meta, embora mantenha uma polaridade 'neutro' por apresentar informações factuais e analíticas.","EUA podem levar mais tempo do que outros países para voltar à meta de 2%, diz membro do Fed","O presidente do Federal Reserve de Atlanta, Raphael Bostic, afirmou que a economia dos Estados Unidos deve levar mais tempo para atingir a meta de inflação de 2% do que outros países desenvolvidos.","Ele destacou que o setor de empregos permanece aquecido, permitindo ao banco central manter as taxas de juros inalteradas no curto prazo.","Bostic também ressaltou que os riscos inflacionários ainda existem, embora a desaceleração da inflação esteja ocorrendo de forma lenta."
1092,alegria,positivo,alegria,positivo,neutro,neutro,neutro,neutro,neutro,neutro,"A manchete sugere otimismo ao falar de taxas menores para uma linha de crédito, indicando uma medida positiva para ajudar na reconstrução do RS. O f1 reforça essa visão ao destacar a defesa de taxas menores e um anúncio futuro pelo presidente Lula, o que gera expectativas positivas. O f2 apresenta informações factuais sobre a atuação do BNDES e a necessidade de mitigar mudanças climáticas, sem emoção clara, mas com uma leve inclinação positiva pelo foco em soluções. O f3 também é neutro, pois discute a importância de ações contra o aquecimento global, mas não expressa uma emoção intensa. Considerando todas as partes, a emoção geral da notícia é neutro, com uma leve inclinação positiva devido às medidas propostas para a reconstrução.",Presidente do BNDES quer taxas menores para linha de crédito para reconstrução do RS,"O presidente do BNDES, Aloizio Mercadante, defendeu taxas menores para uma linha de crédito destinada à reconstrução do Rio Grande do Sul, sem revelar detalhes específicos, afirmando que o anúncio será feito pelo presidente Lula.","Ele destacou os esforços do banco em promover debates internacionais e desenvolver estratégias de mitigação e adaptação às mudanças climáticas, incluindo a reconstrução de cidades afetadas pela tragédia no estado.","Mercadante ressaltou a importância de repensar a ocupação do solo e acelerar a transição energética, afirmando que a crise expôs a necessidade de ações concretas contra o aquecimento global."
1104,medo,negativo,medo,negativo,medo,negativo,tristeza,negativo,medo,negativo,"A manchete expressa a preocupação do mercado com a desancoragem das expectativas de inflação, o que é negativo. F1 confirma essa preocupação com o aumento das projeções de inflação, indicando uma emoção de 'medo' devido à incerteza econômica. F2 reflete essa incerteza com a necessidade de juros mais altos, reforçando o sentimento de 'medo'. F3 apresenta uma revisão negativa no crescimento do PIB, indicando 'tristeza' devido à piora nas expectativas de crescimento econômico, mas mantém certa estabilidade nas projeções futuras. No geral, a notícia transmite uma emoção predominante de 'medo', com uma polaridade negativa devido à incerteza e às expectativas desfavoráveis.",Boletim Focus: mercado consolida desancoragem de expectativas de inflação e espera juros mais altos,"Os analistas de mercado consultados pelo Banco Central elevaram as projeções de inflação para 2024 e 2025, indicando uma desancoragem de expectativas.","Como consequência, a mediana para a taxa Selic aumentou para 10% ao ano, refletindo a necessidade de juros mais altos por mais tempo na economia brasileira.","Além disso, a projeção de crescimento do PIB para 2023 foi revisada para baixo, de 2,09% para 2,05%, enquanto as estimativas para os anos seguintes permanecem estáveis."
1120,medo,negativo,medo,negativo,alegria,positivo,medo,negativo,medo,negativo,"A manchete expressa uma condição de incerteza econômica, indicando tanto a possibilidade de corte quanto de aumento dos juros, o que reflete uma emoção de 'medo' devido à incerteza. A polaridade é negativa por conta dessa incerteza. O f1 segue essa linha de incerteza econômica, mantendo a emoção de 'medo' e a polaridade negativa. O f2 apresenta uma visão mais otimista sobre a economia, com a emoção de 'alegria' e polaridade positiva devido ao destaque para a resiliência econômica e setores fortes. O f3 volta a uma emoção de 'medo' devido ao alerta sobre a dívida do governo e seus impactos, com polaridade negativa. A emoção geral da notícia é 'medo' porque a incerteza e os riscos econômicos predominam, e a polaridade geral é negativa.","Dirigente diz que se economia desacelerar, Fed cortará juros; se acelerar, terá que aumentar","Neel Kashkari, presidente do Fed de Minneapolis, afirmou que pode haver corte nos juros nos Estados Unidos se a economia desacelerar, mas não descartou aumentos caso a atividade volte a crescer.","Ele destacou que a demanda econômica permanece forte e que a economia americana está mais resiliente do que o esperado, com atenção especial ao setor imobiliário e à estabilidade dos preços do petróleo.","Kashkari também alertou que o aumento da dívida do governo pode elevar os custos de empréstimo no curto prazo, visando manter a inflação na meta de 2%."
1124,surpresa,neutro,neutro,neutro,alegria,positivo,medo,negativo,surpresa,neutro,"A manchete expressa surpresa com a escolha de Magda Chambriard, destacando a preferência por um perfil técnico ao invés de político, o que gera especulação. A f1 apresenta um contexto neutro, informando sobre a demissão de Jean Paul Prates e a especulação sobre seu substituto. A f2 tem uma emoção de alegria, pois a escolha de Magda foi bem recebida pelo mercado e pelo governo, apesar de outros nomes terem sido considerados. A f3 expressa um sentimento de medo, pois a nomeação de Magda levanta dúvidas sobre suas prioridades e alinhamento com o governo, o que pode gerar incerteza. No geral, a notícia reflete uma emoção de surpresa, com uma polaridade neutra devido à mistura de especulações, aceitação e dúvidas.","Bastidores: Costa e Mercadante foram cotados para Petrobras, mas perfil técnico de Magda prevaleceu","A demissão de Jean Paul Prates da presidência da Petrobras foi oficializada por Lula em março, após a decisão do conselho de não distribuir dividendos, e a escolha de seu substituto gerou especulações no governo.","Entre os nomes considerados, Magda Chambriard, com perfil técnico e experiência na Petrobras e na ANP, foi a preferida devido à sua aceitação pelo mercado e ao seu alinhamento com o governo, enquanto outros nomes, como Rui Costa e Aloizio Mercadante, enfrentaram resistências ou foram descartados.",A nomeação de Magda levanta dúvidas sobre suas prioridades e seu alinhamento com as áreas política e econômica do governo.
1159,medo,negativo,medo,negativo,tristeza,negativo,medo,negativo,medo,negativo,"A manchete expressa medo, pois aborda a possibilidade de recessão em 2024, criando uma expectativa negativa e incerteza econômica. O fragmento f1 também transmite medo ao sugerir que uma recessão é possível, mas aponta uma esperança neutra nas medidas de estímulo econômico. O f2 apresenta tristeza, detalhando os impactos negativos já sofridos pelo setor produtivo e a infraestrutura, além de destacar a necessidade urgente de ação. O f3 reforça o sentimento de medo, enfatizando a incerteza e a dependência de uma resposta rápida e eficiente dos governos para evitar perdas econômicas significativas.",Clima e economia: inundações reforçam série de tragédias no RS e podem levar a recessão em 2024,"A maior tragédia da história do Rio Grande do Sul pode levar o estado a uma recessão em 2024, segundo economistas ouvidos pela EXAME, mas medidas de estímulo à economia podem minimizar os impactos.","Problemas climáticos recentes afetaram a demanda, a infraestrutura e o setor produtivo, exigindo ações rápidas de apoio financeiro e reconstrução por parte dos governos estadual e federal.","A recuperação dependerá da agilidade na implementação de políticas de crédito e assistência, sob risco de perdas econômicas significativas se a resposta for insuficiente."
1194,neutro,neutro,neutro,neutro,neutro,neutro,neutro,neutro,neutro,neutro,"A manchete expressa uma neutralidade ao informar sobre a manutenção das taxas de juros pelo Banco do Japão. O f1 reforça essa neutralidade ao confirmar que a decisão estava conforme o esperado. O f2 traz uma comparação com outras instituições financeiras, o que pode gerar surpresa, mas é neutro em termos de sentimentos financeiros. O f3, embora discuta possíveis aumentos de juros, ainda é neutro porque não expressa nenhuma emoção clara, apenas especulação sobre o futuro.","Banco do Japão mantém taxa de depósitos na faixa de 0% a 0,1%","O Banco do Japão manteve inalteradas as principais referências de sua política monetária em 26 de maio, conforme esperado.","A instituição projeta uma inflação próxima de 2% nos próximos três anos, diferentemente do Federal Reserve e do Banco Central Europeu, que planejam reduzir as taxas de juros ainda neste ano.","A discussão no Japão, no entanto, continua centrada na possibilidade de novos aumentos nas taxas de juros."
1213,alegria,positivo,alegria,positivo,neutro,neutro,neutro,neutro,alegria,positivo,"A manchete expressa um sentimento de ""alegria"" com polaridade ""positiva"" devido à aprovação de um projeto que pode gerar um impacto econômico positivo de R$ 15 bilhões. O f1 também apresenta uma emoção de ""alegria"" com polaridade ""positiva"" pois detalha quais setores serão beneficiados, indicando uma recuperação econômica para esses segmentos. O f2 possui uma emoção de ""neutro"" com polaridade ""neutra"" por informar detalhes técnicos sobre a implementação do projeto, incluindo a possibilidade de paralisação, mas sem expressar uma opinião forte. O f3, por sua vez, é classificado como ""neutro"" com polaridade ""neutra"" por transmitir informações factuais sobre os ajustes fiscais e a exigência de relatórios, sem uma carga emocional ou opinativa explícita. Geralmente, a emoção predominante na notícia é ""alegria"" com polaridade ""positiva"" devido aos benefícios econômicos previstos.",Perse: Câmara aprova projeto com 30 atividades e impacto de R$ 15 bi; texto vai ao Senado,"A Câmara dos Deputados aprovou o projeto que limita o Programa Emergencial de Retomada do Setor de Eventos (Perse) a um teto de R$ 15 bilhões até 2026, incluindo setores como bares, restaurantes, hotéis e apart-hotéis.","O texto prevê a habilitação automática das empresas pela Receita Federal e estabelece que, caso o limite seja atingido antes de 2026, o programa poderá ser paralisado após audiência na Câmara, atendendo a uma demanda da Fazenda.","A proposta mantém incentivos fiscais para empresas de lucro presumido e ajusta a cobrança de IRPJ e CSLL para as de lucro real a partir de 2025, além de exigir relatórios bimestrais de acompanhamento pelo órgão fiscalizador."
1251,alegria,positivo,alegria,positivo,alegria,positivo,alegria,positivo,alegria,positivo,"A manchete expressa uma expectativa positiva sobre a cooperação internacional, indicando ânimo e possibilidade de crescimento econômico. O f1 sugere um acordo potencial, trazendo otimismo e uma perspectiva de desenvolvimento. O f2 destaca a importância de uma política externa diversificada, incluindo China e União Europeia, o que reforça a visão de complementaridade e oportunidade. O f3 reitera a importância dessa parceria estratégica com os EUA, mantendo o tom otimista e positivo.",Haddad fala em parceria estratégica entre Brasil e Estados Unidos,"O ministro da Fazenda, Fernando Haddad, afirmou que, após o encontro entre Biden e Lula, discute-se a possibilidade de um acordo Norte-Sul entre EUA e Brasil.","Ele destacou a importância de o Brasil manter relações de complementaridade com a China e buscar um acordo renovado com a União Europeia, além de explorar cooperação em áreas como transferência ecológica e desenvolvimento tecnológico.","Haddad reforçou a necessidade de uma parceria estratégica renovada entre Brasil e Estados Unidos, durante evento em Washington realizado no âmbito das reuniões do FMI e do Banco Mundial."
1257,medo,neutro,neutro,neutro,alegria,positivo,neutro,neutro,neutro,neutro,"A manchete indica uma revisão para cima na previsão da Selic, o que pode ser visto como uma reação de medo ao risco inflacionário. No entanto, a polaridade é neutra, pois a informação é factual e esperada no contexto de análise econômica. O f1 segue a mesma linha, detalhando a revisão de expectativa de forma neutra. O f2 apresenta uma alegria leve devido à redução das projeções do IPCA, indicando um cenário inflacionário menos severo, e uma ligeira melhoria na previsão do PIB, ambas mudanças positivas. O f3 é neutro, pois as expectativas para os anos seguintes não mudaram, transmitindo uma informação estável e sem carga emocional. Considerando o conjunto da notícia, o sentimento geral é neutro, pois, apesar do aumento da Selic, as outras projeções indicam um cenário econômico relativamente estável e previsível.","Boletim Focus: mercado eleva previsão da Selic para 2024 de 9% para 9,13%","Os analistas de mercado consultados pelo Banco Central elevaram a expectativa da Selic para 2024 de 9% para 9,13%, após 15 semanas.","As projeções para o IPCA de 2024 foram revisadas para baixo, de 3,76% para 3,71%, enquanto a previsão do PIB foi ajustada de 1,90% para 1,95%.","As expectativas para os anos seguintes permanecem estáveis, com o Copom mantendo a projeção de 3,50% para o IPCA de 2024 e 3,20% para 2025."
1259,neutro,positivo,neutro,positivo,neutro,positivo,neutro,positivo,neutro,positivo,"A manchete expressa uma postura cautelosa e sem pressa do Fed, o que pode gerar sentimentos de neutralidade, pois reflete uma estabilidade sem grandes mudanças imediatas. O f1 detalha a situação econômica dos EUA, com inflação ainda acima da meta, mas com uma economia resistente e mercado de trabalho forte, refletindo uma emoção neutra e uma polaridade positiva, pois não há pressa em mudanças e a economia está em boa forma. O f2 reforça a cautela do Fed, mencionando dados econômicos que sustentam essa decisão, indicando uma emoção neutra e uma polaridade positiva, dado que a economia está resistente. O f3 discute taxas de juros neutras, mas sugere que podem ser mais elevadas devido à resiliência econômica, refletindo uma emoção neutra e uma polaridade positiva, pois indica uma economia robusta. No geral, a notícia transmite uma emoção neutra e uma polaridade positiva, focando na resistência da economia e na cautela do Fed sem grandes alarmes.",Dirigente do Fed reforça que não há pressa para reduzir juros nos EUA,"Mary Daly, presidente do Federal Reserve de São Francisco, afirmou que, apesar de haver progresso na redução da inflação nos Estados Unidos, ela permanece acima da meta, e não há pressa para elevar os juros devido à economia resistente e ao mercado de trabalho forte.","Ela destacou que os dados econômicos recentes, como o relatório de emprego, reforçam a postura de cautela do Fed, que evita acelerar a resposta às pressões inflacionárias.","Daly também comentou que as taxas de juros neutras podem estar entre 0,5% e 1%, mas a resiliência econômica sugere que esse valor pode estar mais elevado."
1260,alegria,positivo,neutro,neutro,neutro,neutro,alegria,positivo,alegria,positivo,"A manchete expressa expectativa e interesse pela votação de uma proposta financeira significativa, o que pode gerar ânimo positivo entre os contribuintes de menor renda. O f1 apresenta uma informação neutra sobre a agenda de votação no Senado, sem emitir juízo de valor. O f2 contém informação factual sobre o projeto, incluindo detalhes financeiros e impactos orçamentários, mantendo um tom neutro. O f3 sugere um efeito positivo da medida, com especialistas apontando estímulo ao consumo, o que pode gerar um sentimento de alegria e é positivo para a economia.",Projeto que isenta do IR quem ganha até 2 salários mínimos deve ser votado no Senado nesta terça,"Os senadores irão analisar nesta terça-feira, 16, a proposta de reajuste na faixa de isenção do Imposto de Renda para quem ganha até dois salários mínimos, já aprovada na CAE.","O projeto, que atualiza a tabela do IRPF a partir de 2025, prevê uma isenção de até R$ 2.259,20, impactando o orçamento em bilhões de reais até 2026, sem afetar a meta de déficit zero.","Segundo especialistas, a medida pode estimular o consumo das famílias de menor renda, compensando parcialmente a redução na arrecadação tributária."
1282,alegria,positivo,alegria,positivo,medo,negativo,tristeza,negativo,neutro,neutro,"A manchete expressa alegria por indicar um superávit, mas com uma perspectiva neutra ao enfatizar o crescimento da receita líquida. O f1 confirma a alegria ao detalhar o crescimento significativo na receita, o que é positivo para o governo. O f2 introduz uma perspectiva de medo ao apontar o aumento das despesas, especialmente com sentenças judiciais e precatórios, indicando um cenário de incerteza financeira. O f3 apresenta tristeza ao revelar a redução do superávit acumulado no trimestre, apesar do bom desempenho na arrecadação, devido ao aumento das despesas. No geral, a emoção dominante é neutra, pois a notícia apresenta tanto aspectos positivos quanto negativos, sem um claro dominante.","Governo Central deve ter superávit de R$ 1,3 bi em março, com alta na receita líquida, diz Ipea","O Governo Central deve registrar um superávit primário de R$ 1,3 bilhão em março de 2024, impulsionado pelo crescimento de 10,1% na receita líquida, que atingiu R$ 166,5 bilhões.","As despesas, que totalizaram R$ 165,2 bilhões, aumentaram 4,2% em relação ao mesmo mês do ano anterior, refletindo principalmente o crescimento de 12,6% nas despesas totais e um aumento expressivo nos gastos com sentenças judiciais e precatórios.","Apesar do bom desempenho na arrecadação, o acumulado do primeiro trimestre apresentou uma redução de 31,4% no superávit primário em comparação ao mesmo período de 2023, devido ao aumento das despesas."
1283,alegria,positivo,desprezo,positivo,alegria,positivo,desprezo,positivo,alegria,positivo,"A manchete indica uma possível melhoria financeira para os servidores, sugerindo alegria e polaridade positiva. O f1 confirma essa melhoria, mas foca em um grupo específico, o que pode causar uma reação de desprezo por parte de outros servidores não mencionados, mas mantém a polaridade positiva devido ao contexto de negociação. O f2 traz detalhes sobre a proposta de reajuste, que supera a inflação, reforçando a alegria e a polaridade positiva. O f3 apresenta um cenário mais complexo, com tentativas de ampliar o orçamento e resistências, mas ainda assim mantém a polaridade positiva devido à busca por uma solução, embora a emoção de desprezo possa surgir pela complexidade e lentidão nas negociações.",Ministra diz que governo estuda reajuste a servidores acima de 19% até 2026,"O governo brasileiro estuda reajuste salarial acima de 19% para os servidores até 2026, com negociações focadas inicialmente nos técnicos de instituições federais em greve.","A proposta inicial de reajuste de 9% em 2023, mais dois aumentos em 2025 e 2026, totalizaria cerca de 19%, enquanto a inflação prevista para o período é de 16,5%.","O Ministério de Gestão de Inovação busca ampliar o espaço orçamentário para oferecer uma contraproposta, enquanto o governo avalia possibilidades de reajustes futuros, enfrentando resistência de setores e debates sobre prioridades orçamentárias."
1286,alegria,positivo,neutro,neutro,alegria,positivo,neutro,neutro,alegria,positivo,"A manchete indica uma postura cautelosa do BCE, sugerindo uma possível redução de juros, o que gera expectativa positiva. O f1 é neutro, pois informa apenas uma decisão factúl do BCE. O f2 apresenta uma postura cautelosa, mas com perspectiva positiva para o futuro, indicando que cortes de juros podem ser apropriados, o que é positivo. O f3 reforça essa perspectiva cautelosa com dados econômicos, mantendo o contexto geral positivo, mas com uma abordagem de monitoramento constante, o que mantém a polaridade neutra devido à ausência de uma previsão de ação imediata.","BCE mantém juros, mas diz que corte será 'apropriado' se houver confiança no rumo da inflação","O Banco Central Europeu decidiu manter suas principais taxas de juros inalteradas pela quinta vez consecutiva, com a taxa de refinanciamento em 4,50%.","Em comunicado, o BCE afirmou que os juros permanecerão em níveis restritivos pelo tempo necessário, mas considerará reduzir o aperto monetário se houver sinais de que a inflação está convergindo para a meta de 2% de forma sustentada.","A instituição destacou a desaceleração da inflação subjacente e a moderação no avanço dos salários, reforçando que continuará monitorando dados econômicos para futuras decisões de política monetária."
1307,alegria,positivo,alegria,positivo,medo,neutro,surpresa,neutro,alegria,positivo,"A manchete reflete uma emoção de alegria devido à confiança expressa no encaminhamento da decisão sobre dividendos e na saúde financeira da empresa. F1 reforça essa alegria ao destacar o caixa robusto da Petrobras. F2 apresenta uma emoção de medo, pois apesar da confiança na diretoria, há uma incerteza sobre a decisão final, mas a polaridade é neutra, focando na tranquilidade da decisão. F3 apresenta uma emoção de surpresa, devido às especulações e pressão sobre a substituição do presidente, mas a polaridade é neutra, focando na informação factual da situação.",Haddad: quem decide sobre dividendos é a Petrobras e assunto está encaminhado pelos diretores,"O ministro da Fazenda, Fernando Haddad, afirmou que a decisão sobre a distribuição de dividendos da Petrobras está bem encaminhada e que a empresa possui um caixa robusto para manter seu plano de investimentos.","Ele destacou que a diretoria da estatal terá tranquilidade para tomar a decisão, garantindo a saúde financeira da companhia, apesar do impasse que dura duas semanas.","Haddad também afirmou que não compete a ele discutir possíveis trocas no comando da Petrobras, cuja gestão está sob pressão devido ao veto à distribuição extra de dividendos e às especulações sobre a substituição do presidente Jean Paul Prates."
1310,neutro,neutro,alegria,positivo,alegria,positivo,medo,neutro,alegria,positivo,"A manchete sugere uma ação governamental que pode ser vista como positiva, mas sem emoção específica. É neutra porque transmite informação factúl. O f1 indica uma ação concreta e planejada do governo, o que pode ser interpretado como uma emoção de alegria devido à expectativa de progresso e regulamentação, com uma polaridade positiva. O f2 detalha o conteúdo dos projetos, mantendo um tom de alegria por apresentar medidas concretas, ainda com uma polaridade positiva. O f3 adiciona incerteza sobre o número de propostas, o que pode gerar um sentimento de medo ou ansiedade devido à incerteza, mas a polaridade é neutra pois não expressa uma avaliação clara de positividade ou negatividade.",Haddad: Governo enviará ao Congresso dois projetos para regulamentar reforma tributária,"O ministro da Fazenda, Fernando Haddad, comprometeu-se a enviar ao Congresso dois projetos de lei complementar para regulamentar a reforma tributária, que já estão fechados na pasta e aguardam tramitação na Casa Civil.","Esses projetos abordarão, respectivamente, os impostos e a governança do fundo de desenvolvimento regional, sendo parte de uma estratégia maior que inclui a criação de novos tributos e a extinção de outros.","A área técnica da Fazenda estuda ainda a possibilidade de enviar até quatro propostas distintas, embora a decisão final dependa de avaliações políticas."
1342,medo,negativo,neutro,neutro,medo,negativo,alegria,positivo,medo,negativo,"A manchete indica aumento de juros, sugerindo uma emoção de medo, pois reflete uma preocupação com o crescimento do custo do crédito. O f1 apresenta uma informação neutra sobre o lançamento de um novo indicador pelo Banco Central, sem carga emocional explícita. O f2 confirma a emoção de medo ao detalhar o aumento das taxas de juros em 7 instituições, apesar de uma queda no juro médio total. O f3 apresenta uma expectativa positiva, indicando uma emoção de alegria com a melhoria da informatividade do indicador ao longo do tempo. No geral, a notícia tem uma polaridade negativa devido ao aumento de juros.","Juros de 99% das operações do rotativo e parcelado sobem em 7 instituições em fevereiro, diz BC","O Banco Central lançou um novo indicador para monitorar o cumprimento da lei do Desenrola, que limita os juros e encargos no rotativo e parcelado do cartão de crédito a 100% da dívida original.","Em fevereiro, a maioria das instituições financeiras apresentou aumento nas taxas de juros em relação à dívida original no percentil 99, com variações entre 15,25% e 28,33%, enquanto o juro médio total caiu 6,8 pontos porcentuais de janeiro para fevereiro.","A expectativa é que o indicador se torne mais informativo ao longo do tempo, contribuindo para o acompanhamento do mercado de crédito."
1378,neutro,neutro,alegria,positivo,medo,negativo,neutro,neutro,neutro,neutro,"A manchete indica uma perspectiva neutra, focando na afirmação de que a proposta não terá impacto fiscal primário no curto prazo. No f1, a emoção predominante é a alegria, pois Haddad está propondo uma solução que pode beneficiar a educação sem impacto fiscal imediato, o que é positivo. No f2, a emoção é de medo, pois Haddad está destacando um problema financeiro atual que precisa ser resolvido, indicando incerteza sobre a situação fiscal dos estados. No f3, a emoção é neutra, pois se trata de uma informação sobre o processo de elaboração de um projeto, sem carga emocional ou especulativa.","Proposta do Juros por Educação não tem impacto fiscal primário no curto prazo, diz Haddad","O ministro da Fazenda, Fernando Haddad, afirmou que a proposta do programa Juros por Educação não terá impacto fiscal primário de curto prazo para a União e que busca-se uma renegociação da dívida dos Estados vinculada a investimentos em educação.","Haddad destacou a necessidade de reduzir os juros reais atrelados às dívidas estaduais, atualmente em IPCA + 4%, que se tornaram um peso para as receitas estaduais, e apresentou alternativas como a amortização de dívidas com ativos.","O governo pretende realizar até quatro reuniões com os governadores para elaborar um projeto de renegociação, que será submetido à aprovação do presidente Lula e enviado ao Congresso."
1379,alegria,positivo,alegria,positivo,alegria,positivo,neutro,neutro,alegria,positivo,"A manchete expressa alegria e positividade, pois os governadores elogiam a proposta do governo, o que indica otimismo e confiança na solução de problemas financeiros. O f1 continua com essa emoção, pois detalha a proposta de renegociação das dívidas, indicando um passo positivo e construtivo. O f2 reforça essa perspectiva ao apresentar condições específicas e benéficas, como a redução de juros, evidenciando alegria. O f3, embora forneça dados factuais sobre a dívida, não expressa uma emoção clara, sendo neutro. A emoção geral da notícia é de alegria, pois a proposta é vista como uma solução positiva e otimista para a dívida dos estados.",Governadores do Sul e Sudeste elogiam proposta do governo de renegociação de dívidas,"Governadores do Sul e do Sudeste elogiaram a proposta de renegociação das dívidas estaduais apresentada pelo Ministério da Fazenda, que ainda será debatida entre as equipes técnicas e precisa do aval do presidente Lula.","A iniciativa prevê um cronograma de 60 dias para negociações e condições de redução de juros, com foco na aplicação de recursos na educação técnica e manutenção do IPCA como indexador.","O saldo devedor total dos estados é de R$ 740 bilhões, sendo que 90% dessa dívida estão concentrados em São Paulo, Rio de Janeiro, Rio Grande do Sul e Minas Gerais."
1407,neutro,neutro,neutro,neutro,neutro,neutro,neutro,neutro,neutro,neutro,"A manchete expressa expectativa e dependência, mas não transmite uma emoção clara. No f1, há uma neutralidade informacional com foco na dependência do envio do texto pelo Ministério da Fazenda. O f2 apresenta uma leve preocupação com a falta de definição sobre a renegociação das dívidas estaduais, mas ainda mantém uma abordagem neutra e factúl. O f3 também é neutro, refletindo a vontade política de avançar nas questões, sem demonstrar sentimentos fortes.",Lira diz que aprovação da regulamentação da reforma tributária em 2024 só depende de Haddad,"O presidente da Câmara, Arthur Lira, afirmou que a regulamentação da reforma tributária depende do envio do texto pelo Ministério da Fazenda e que a aprovação ainda pode ocorrer em 2024.","Ele destacou a necessidade de estabelecer um calendário para a regulamentação e reforçou a importância de discutir o projeto com o ministro Fernando Haddad, além de mencionar a ausência de definição do governo sobre a renegociação das dívidas estaduais.","Lira ressaltou a vontade política de diferentes setores para avançar nessas questões, incluindo a possibilidade de votar a regulamentação ainda neste ano, dependendo do andamento das negociações."
1410,alegria,positivo,neutro,neutro,alegria,positivo,alegria,positivo,alegria,positivo,"A manchete expressa uma expectativa de mudança, o que pode gerar surpresa ou alegria dependendo do contexto. No caso, a discussão de alterações na Lei do Bem sugere alegria, pois trata-se de possíveis melhorias que podem beneficiar o setor. A f1 apresenta informações neutras sobre a discussão do projeto de lei, sem carga emocional específica. A f2 detalha os benefícios propostos pelo projeto, o que pode ser interpretado como uma fonte de alegria devido ao potencial positivo para as empresas. A f3 reforça essa alegria ao destacar expectativas positivas de aumento de investimentos e fortalecimento da competitividade.",Senado discute alterações na Lei do Bem nesta terça; veja o que pode mudar,"Uma audiência pública na CAE do Senado discutirá um projeto de lei que amplia incentivos fiscais e medidas de apoio à inovação no Brasil, beneficiando principalmente pequenas e médias empresas.","O PL 2.838/2020 prevê abatimentos no IR, CSLL e IPI, além de isenção de imposto de renda retido na fonte para remessas ao exterior relacionadas à propriedade intelectual, visando estimular investimentos em pesquisa e desenvolvimento.","A expectativa é que, se aprovado, o projeto aumente os investimentos em inovação, fortalecendo a competitividade das empresas brasileiras no mercado global."
1413,neutro,neutro,alegria,positivo,neutro,neutro,alegria,positivo,neutro,neutro,"A manchete expressa expectativa e ação iminente, refletindo uma possível emoção de alegria, mas de forma neutra, pois não expressa claramente uma opinião ou reação emocional. O f1 apresenta uma informação factual sobre o envio do projeto de lei, com uma postura de alinhamento e maturidade, o que indica um sentimento de confiança e positividade. O f2 aborda a necessidade de estudos adicionais sobre a tributação de dividendos, sugerindo cautela e uma possibilidade de incerteza, mas mantém o tom informativo e neutro. O f3 reforça a ideia de uma reforma tributária justa e compensatória, o que pode gerar um sentimento de alegria devido ao potencial de equidade e estabilidade fiscal, mas é transmitido de maneira neutra, focando em fatos. No geral, a notícia é neutra, pois transmite informações factuais e esperadas sem uma carga emocional dominante.",Haddad diz que PL dos impostos sobre aplicações financeiras segue amanhã para Casa Civil,"O ministro da Fazenda, Fernando Haddad, anunciou que o governo enviará à Casa Civil um projeto de lei sobre a cobrança de impostos sobre aplicações financeiras, que já está maduro e alinhado com o mercado.",Ele destacou que a proposta de tributação sobre dividendos ainda necessita de estudos adicionais para evitar bitributação e que ambas fazem parte do pacote de reforma tributária sobre a renda.,"Haddad afirmou que a reforma será tratada em vários projetos e que qualquer aumento de impostos será compensado por reduções em outros tributos, mantendo a carga tributária estável e mais justa."
1419,medo,negativo,alegria,positivo,medo,negativo,neutro,neutro,medo,negativo,"A manchete indica uma necessidade de receitas adicionais para equilibrar as contas, sugerindo um sentimento de 'medo' devido à incerteza sobre como fechar o rombo. A polaridade é 'negativa' porque o déficit é uma preocupação financeira. O f1 contém informações otimistas sobre receitas permanentes, indicando 'alegria', com polaridade 'positiva'. O f2 destaca incertezas, reforçando o sentimento de 'medo', com polaridade 'negativa'. O f3 menciona ajustes positivos, mas ressalta limitações, sugerindo 'neutro' com polaridade 'neutra'. No geral, a notícia é marcada pelo 'medo' devido às incertezas predominantes, com uma polaridade 'negativa'.","Tesouro eleva para R$ 170,8 bi valor de receitas adicionais necessárias para zerar rombo","O Tesouro Nacional atualizou a estimativa de receitas adicionais para 2024 de R$ 168,5 bilhões para R$ 170,8 bilhões, destacando que cerca de R$ 74 bilhões podem ser incorporados de forma permanente às receitas do governo.","Apesar das projeções, o órgão ressalta que ainda há incertezas, como o potencial de arrecadação com o JCP e efeitos de mudanças legislativas, que podem levar a revisões futuras.","O relatório também aponta que, mesmo com ajustes positivos, a arrecadação prevista considera fatores como a desoneração da folha de pagamentos e limitações nas compensações tributárias, cuja influência ainda não foi totalmente quantificada."
1426,alegria,positivo,alegria,positivo,neutro,neutro,medo,negativo,alegria,positivo,"A manchete indica otimismo com a revisão positiva das projeções do PIB, refletindo alegria e polaridade positiva. O f1 reforça essa alegria ao detalhar as surpresas positivas nos setores de serviços, comércio e geração de empregos, impulsionando a revisão do crescimento. O f2 apresenta uma surpresa positiva com o aumento no crédito e pagamentos de precatórios, mas também uma cautela, indicando uma polaridade neutra devido à mistura de sentimentos. O f3 menciona perspectivas otimistas, mas alerta para riscos na continuidade do crescimento do consumo, sugerindo uma emoção de cautela, ou medo, e uma polaridade negativa. No geral, a emoção predominante é de alegria, com uma polaridade positiva, devido ao otimismo geral nas projeções revisadas.","BTG Pactual revisa projeções e previsão para o PIB de 2024 passa de 2% para 2,3%","O banco BTG Pactual revisou suas estimativas de crescimento do PIB para 2024, passando de 0,3% para 0,5% no primeiro trimestre e de 2% para 2,3% ao longo do ano, impulsionado por surpresas positivas nos setores de serviços, comércio e geração de empregos.","O relatório destaca que o aumento no crédito às famílias e o efeito dos pagamentos de precatórios contribuíram para uma expansão mais forte do consumo, embora haja cautela devido ao crescimento da poupança e a números abaixo do esperado nos serviços em janeiro.","Apesar das perspectivas otimistas, o economista Bruno Martins alertou para riscos na continuidade do crescimento do consumo, reforçando a necessidade de monitorar fatores que possam impactar a dinâmica econômica."
1434,neutro,neutro,neutro,neutro,medo,negativo,alegria,positivo,neutro,neutro,"A manchete indica expectativa de decisão futura, sugerindo uma emoção neutra. O f1 apresenta uma informação sobre a expectativa de dados mais completos para ajustes na política monetária, também de natureza neutra. O f2 mostra uma preocupação com a inflação, ainda que haja uma evolução favorável, o que pode gerar uma emoção de medo devido à incerteza e dificuldade do “último quilômetro”. O f3 traz uma projeção de recuperação econômica moderada e destaca a redução de riscos no setor imobiliário comercial, o que sugere uma emoção de alegria devido ao otimismo em relação à economia. O rótulo geral de emoção é neutro, pois o texto equilibra expectativas futuras, preocupações e projeções positivas.",Dirigente diz que BCE espera reunir mais dados até junho para decidir sobre ajuste em juros,"O vice-presidente do Banco Central Europeu, Luis de Guindos, afirmou que, em junho, a instituição terá informações mais completas sobre atividade e inflação na zona do euro, possibilitando ajustes na política monetária.","Ele destacou que, apesar da evolução favorável dos preços nos últimos meses, o BCE continuará atento ao quadro inflacionário e evitará complacência, considerando o ""último quilômetro"" na retomada da estabilidade de preços como o mais difícil.","Guindos também mencionou uma projeção de recuperação econômica moderada e ressaltou que a exposição dos bancos ao mercado imobiliário comercial é limitada, reduzindo riscos nesse setor."
1436,alegria,positivo,alegria,positivo,alegria,positivo,medo,negativo,medo,neutro,"A manchete apresenta uma expectativa de melhora econômica para aumentar a aprovação de Lula, sugerindo uma emoção de 'alegria' com uma polaridade 'positiva'. No f1, o texto menciona medidas econômicas e sociais para melhorar a popularidade de Lula, refletindo uma emoção de 'alegria' e uma polaridade 'positiva'. No f2, a emoção de 'alegria' é mantida com a polaridade 'positiva', destacando ações que visam fortalecer a percepção de bem-estar e gerar empregos. O f3 apresenta uma emoção de 'medo' e uma polaridade 'negativa', indicando preocupações no mercado sobre o aumento dos gastos públicos e intervenções em estatais. O rótulo geral da notícia é 'medo' com uma polaridade 'neutra', pois apresenta tanto expectativas positivas quanto preocupações que equilibram a notícia.",Petistas apostam na percepção da classe média com melhora econômica para aumentar aprovação de Lula,"O governo de Lula busca implementar medidas econômicas e sociais, como o pagamento antecipado de precatórios, estímulo ao crédito e programas de transferência de renda, para melhorar a popularidade do presidente diante da queda nas pesquisas.","Essas ações visam fortalecer a percepção de bem-estar da classe média e gerar empregos por meio de obras do PAC e do programa Bolsa Permanência, além de ampliar a presença de Lula em eventos regionais.","No entanto, há preocupações no mercado quanto ao aumento dos gastos públicos e possíveis intervenções em estatais, o que pode impactar o crescimento econômico e a estabilidade financeira do país."
1438,neutro,neutro,neutro,neutro,medo,negativo,medo,negativo,medo,negativo,"A manchete é neutra, pois apresenta uma informação factual sobre a proposta da Fazenda sem expressar emoção. O f1 também é neutro, pois detalha a proposta sem expressar emoção. O f2 gera medo, pois menciona uma perda de arrecadaêda, o que pode gerar incerteza sobre as finanças públicas. O f3 também gera medo, pois limita um programa emergencial e menciona custos elevados, o que pode gerar preocupação sobre o impacto econômico.",Fazenda quer limitar desoneração a cidades com até 50 mil habitantes,"O Ministério da Fazenda negocia uma contraproposta para limitar a desoneração dos municípios a cidades com até 50 mil habitantes e receita per capita de até R$ 3,9 mil, atendendo aproximadamente 2,5 mil cidades.","A proposta prevê uma contribuição ao INSS que começará em 14% e aumentará gradualmente até 2027, gerando uma perda de R$ 4 bilhões na arrecadação em 2024.","Além disso, o governo trabalha na restrição do Programa Emergencial de Retomada do Setor de Eventos, limitando-o a empresas de faturamento até R$ 78 milhões e reduzindo o número de setores beneficiados, com custos estimados de R$ 10 bilhões em 2024."
1458,neutro,neutro,alegria,positivo,medo,negativo,neutro,neutro,neutro,neutro,"A manchete expressa uma emoção neutra, pois transmite uma informação factual sobre a indicação de Rafael Dubeux. O f1 apresenta uma emoção de alegria, pois a confirmação da indicação pelo governo sugere uma decisão positiva e uma maior influência do Ministério da Fazenda, o que é visto como algo positivo no contexto financeiro. O f2 contém uma emoção de medo, pois menciona debates sobre a distribuição de dividendos e o impacto fiscal, temas que geram incerteza e volatilidade. O f3 apresenta uma emoção neutra, pois reforça a ideia de que a participação do governo visa a estabilidade financeira e governança, sem interferir na autonomia da empresa, o que é uma informação rotineira e factual. O rótulo geral é neutro, pois a notícia transmite uma informação factual com nuances de alegria e medo, mas sem uma emoção dominante.",Fazenda indicará Rafael Dubeux para o conselho da Petrobras,"O governo confirmou a indicação de Rafael Dubeux para o conselho da Petrobras, fortalecendo a influência do Ministério da Fazenda nas decisões da estatal.","A nomeação, que ainda será formalizada pela Casa Civil, ocorre em um momento de debates sobre a distribuição de dividendos e o impacto fiscal das operações da Petrobras.","Autoridades afirmam que a participação do governo na companhia visa garantir a estabilidade financeira e a governança, sem interferir na autonomia da empresa."
1486,medo,neutro,medo,neutro,medo,neutro,medo,neutro,medo,neutro,"A manchete expressa uma expectativa cautelosa, sugerindo 'Medo' devido à incerteza sobre o momento exato do corte de juros. A polaridade é 'Neutro' porque não indica claramente uma situação positiva ou negativa. O f1 reforça 'Medo' ao destacar a necessidade de evidências adicionais antes de tomar decisões, com uma polaridade 'Neutro' pela mesma razão de cautela e incerteza. O f2 também transmite 'Medo' ao enfatizar a necessidade de cautela e manutenção da política até junho, com uma polaridade 'Neutro'. O f3 sugere 'Medo' ao mencionar a fraqueza econômica e a necessidade de monitoramento rigoroso, com polaridade 'Neutro'. O rótulo geral da notícia é 'Medo' e 'Neutro', refletindo a cautela e incerteza predominantes.",Lagarde reafirma que corte deve vir antes de inflação bater meta mas vê pressões elevadas,"A presidente do Banco Central Europeu, Christine Lagarde, afirmou que o corte de juros na zona do euro ocorrerá antes de a inflação atingir a meta de 2%, mas ressaltou a necessidade de mais evidências para essa decisão.","Ela destacou que, apesar de haver progresso na desaceleração inflacionária, o quadro ainda exige cautela, e o BCE manterá a política atual até junho, quando novas projeções serão avaliadas.","Lagarde também observou que a economia da região permanece fraca, com sinais de recuperação, e que o BCE monitora de perto fatores como salários e lucros para alcançar a meta inflacionária."
1498,desprezo,negativo,medo,negativo,raiva,negativo,medo,negativo,desprezo,negativo,"A manchete expressa indignação e sentimentos negativos dos motoristas, indicando desprezo pela proposta do governo. O f1 é informativo, mas contém elementos que podem gerar medo, devido às mudanças na rotina e obrigações financeiras. O f2 reflete claramente a tristeza e a raiva dos motoristas, que se sentem desvalorizados e injustiçados pela proposta. O f3 reforça a polaridade negativa, destacando a preocupação de especialistas e plataformas com a precarização das condições de trabalho, enquanto entidades sindicais buscam direitos, o que também sugere medo e raiva. A emoção geral é de desprezo, pois a proposta é vista como insuficiente e desconsiderada pelos motoristas.","""Cercearam nossa autonomia"": a reação de motoristas de aplicativo sobre proposta do governo","O governo federal apresentou uma proposta de regulamentação para motoristas de aplicativo, incluindo remuneração mínima de R$ 32,09 por hora e jornada de até 12 horas, com contribuição previdenciária obrigatória.","A medida gerou reações de preocupação entre os motoristas, que questionam a suficiência do valor e a rigidez das regras, além de criticarem a ausência de regionalização e benefícios adicionais.","Especialistas e plataformas alertam que a implementação pode levar à redução das tarifas e à precarização das condições de trabalho, enquanto entidades sindicais buscam garantir direitos previdenciários e negociações coletivas."
1513,alegria,positivo,alegria,positivo,alegria,positivo,alegria,positivo,alegria,positivo,"A manchete expressa um compromisso do governo chinês para ajudar empresas e impulsionar a demanda doméstica, o que reflete uma postura ativa e positiva, indicando alegria e polaridade positiva. A f1 reitera esses esforços governamentais com foco em mercados internacionais e importações, mantendo a emoção de alegria e polaridade positiva, pois indica ações construtivas e de crescimento. A f2 destaca a necessidade de otimizar o ambiente de negócios e fortalecer a competitividade, mencionando cooperação com grandes blocos econômicos, o que sugere uma abordagem proativa e de confiança, indicando alegria e polaridade positiva. A f3 apresenta resultados positivos do comércio exterior em 2023, reforçando que as metas foram alcançadas, o que demonstra alegria e polaridade positiva. No geral, a notícia transmite uma visão positiva das iniciativas e resultados do comércio exterior chinês.",Pasta do Comércio da China se compromete a ajudar empresas e a impulsionar demanda doméstica,"O Ministério do Comércio da China anunciou esforços para ajudar empresas a explorar mercados internacionais e expandir importações, buscando garantir a demanda doméstica.","Durante a Conferência Nacional de Comércio Exterior, o ministério destacou a necessidade de otimizar o ambiente de negócios e fortalecer a competitividade internacional de produtos chineses, além de reforçar a cooperação com países como EUA e membros do G20, APEC e Brics.","Em 2023, o volume de comércio exterior atingiu 41,76 trilhões de yuans (US$ 5,8 trilhões), com a meta de promover estabilidade e melhorar a qualidade do comércio sendo considerada alcançada."
1514,neutro,neutro,surpresa,negativo,medo,negativo,medo,negativo,medo,negativo,"A manchete apresenta a inflação em baixa, mas não expressa claramente uma emoção, sendo neutra. A f1 mostra uma leve surpresa, pois a inflação está acima das projeções, o que pode gerar incertezas. A f2 evidencia um cenário de medo devido à resistência da inflação subjacente e às incertezas que isso traz para a economia, embora haja um dado positivo sobre o desemprego. A f3 reforça o medo, com especialistas indicando a não redução das taxas devido à persistência da inflação e incertezas econômicas. No geral, a notícia tem uma emoção predominante de medo e polaridade negativa devido às incertezas econômicas e inflacionárias.","Inflação na zona do euro segue em baixa em fevereiro, a 2,6%","A inflação na zona do euro permaneceu em 2,6% em fevereiro, abaixo de janeiro, mas acima das projeções dos analistas, o que pode influenciar a decisão do Banco Central Europeu (BCE) sobre cortes nas taxas de juros.","Apesar da desaceleração, a inflação subjacente ainda apresenta resistência, e a taxa de desemprego atingiu sua menor marca histórica de 6,4% em janeiro, reforçando a expectativa de manutenção das taxas atuais.","Especialistas indicam que o BCE provavelmente não reduzirá as taxas até junho, devido à persistência da inflação e às incertezas econômicas na região."
1518,alegria,positivo,alegria,positivo,alegria,positivo,neutro,neutro,alegria,positivo,"A manchete expressa uma informação positiva e neutra sobre a nomeação de Álvaro Santos Pereira como economista-chefe da OCDE, focando na novidade e importância da posição. f1 destaca a nomeação com uma polaridade positiva, mostrando a valorização de sua nomeação para o cargo. f2 apresenta uma série de conquistas e experiências profissionais de Pereira, reforçando a alegria e positividade com sua qualificação e histórico profissional. f3 é neutro, apenas fornecendo informações factuais sobre sua experiência acadêmica e cidadanias, sem expressar emoções ou polaridade forte. A emoção geral da notícia é de Alegria, com uma polaridade positiva, devido à valorização da nomeação e qualificações do nomeado.",OCDE nomeia português Álvaro Santos Pereira como economista-chefe,"A OCDE anunciou a nomeação de Álvaro Santos Pereira como seu próximo economista-chefe, a partir de 1º de junho de 2024.","Pereira possui experiência como ministro da Economia e do Emprego de Portugal entre 2011 e 2013, além de ter atuado como diretor de Estudos de Países na OCDE e ocupado o cargo de economista-chefe em duas ocasiões anteriores.","Ele também possui experiência acadêmica em universidades canadenses e do Reino Unido, além de cidadanias portuguesa e canadense."
1522,neutro,neutro,neutro,neutro,neutro,neutro,neutro,neutro,neutro,neutro,"A manchete indica uma queda no índice de inflação, sugerindo uma tendência positiva. f1 é neutro, relatando o aumento do PCE de forma factual sem carga emocional. f2 é neutro, alinhando-se às expectativas do mercado, sugerindo estabilidade e não surpresa. f3 é neutro, mas com um tom de cautela, pois a inflação ainda está acima da meta, o que justifica a manutenção das altas taxas de juros pelo Fed. O geral é neutro, pois embora haja uma queda na inflação, o cenário ainda está dentro do esperado e não indica uma mudança drástica.","PCE: índice de inflação nos EUA mantém queda e vai a 2,4% em janeiro","O índice de preço de consumo pessoal (PCE) dos Estados Unidos subiu 2,4% em janeiro em comparação ao mesmo período de 2023, conforme divulgado pelo BEA.","O avanço mensal foi de 0,3% em relação a dezembro, enquanto o núcleo, que exclui energia e comida, aumentou 2,8%, alinhando-se às expectativas do mercado.","O resultado reforça a persistência da inflação acima da meta de 2% do Federal Reserve, mantendo a taxa de juros em patamares elevados."
1537,alegria,positivo,alegria,positivo,neutro,neutro,alegria,positivo,alegria,positivo,"A manchete expressa alegria por um feito histórico, a reforma tributária. A emoção dominante é a alegria devido ao reconhecimento internacional, com palavras-chave como 'parabeniza' e 'realmente histórica'. O f1 também apresenta alegria, pois Janet Yellen elogia a reforma tributária brasileira, o que é positivo para a imagem do país. No f2, a emoção é neutra, pois transmite uma informação factual sobre a cooperação entre os EUA e o Brasil para atrair investimentos estrangeiros, sem expressar uma emoção clara. O f3 apresenta alegria ao destacar o bom momento econômico dos EUA, com termos como 'crescimento do PIB', 'baixa inflação' e 'salários em alta'. Considerando todas as partes, a emoção geral é alegria, refletindo o reconhecimento e a cooperação internacional positiva.",Secretária dos EUA parabeniza Haddad por reforma tributária 'realmente histórica',Janet Yellen elogiou a reforma tributária do Brasil e destacou a importância de criar condições para o setor privado investir e crescer no país.,"Ela afirmou que os Estados Unidos desejam ajudar o Brasil a explorar oportunidades no exterior, tornando-o mais atrativo a investidores estrangeiros e mais integrado às cadeias globais de valor.","Yellen também ressaltou o bom momento da economia americana, com crescimento do PIB, baixa inflação, mercado de trabalho forte e salários em alta, enfatizando o foco no crescimento econômico de longo prazo."
1554,alegria,positivo,alegria,positivo,neutro,neutro,neutro,neutro,neutro,neutro,"A manchete expressa alegria ao reiterar o compromisso do BC com a meta de inflação, sugerindo confiança e estabilidade. f1 mantém a alegria, reafirmando a persegução da meta inflacionária, apesar de uma leve frustração (ótimo seriam expectativas abaixo do alvo), mas sem impacto negativo dominante. f2 apresenta um cenário neutro ao descrever o comportamento da inflação de serviços e bens industriais, sem expressar emoção clara, focando em fatos. f3 também é neutro, discutindo variáveis econômicas e a necessidade de monitoramento, sem indicar uma emoção predominante. Em geral, a notícia é neutra, focando na transmissão de informações econômicas factuais.","BC continuará sempre perseguindo inflação de 3%, reitera diretor de Política Econômica","O diretor de Política Econômica do Banco Central, Diogo Guillen, reafirmou o compromisso de levar a inflação ao centro da meta de 3%, apesar das expectativas do IPCA estarem ligeiramente acima do alvo.","Ele destacou que a inflação de serviços tem apresentado aumento, especialmente nos itens mais sensíveis à demanda, enquanto a de bens industriais já caiu, e que o processo de desinflação global ocorre de forma não sincronizada.","Guillen também comentou sobre o cenário internacional de juros, a relação entre política monetária brasileira e os EUA, e a necessidade de monitorar os salários para avaliar possíveis pressões inflacionárias no mercado de trabalho."
1587,alegria,positivo,alegria,positivo,surpresa,positivo,neutro,neutro,alegria,positivo,"A manchete transmite alegria devido ao éxito de Itajaí em importações, com um valor significativo que supera expectativas. F1 também reflete alegria, destacando o sucesso econômico de Itajaí com números impressionantes. F2 apresenta uma expectativa positiva, com elementos de alegria e surpresa pela reativação do porto e suas vantagens estratégicas. F3 tem uma polaridade mista, mas a emoção dominante é neutro, pois apesar do crescimento de Itajaí, o contexto geral mostra uma queda nas importações nacionais, o que não gera uma emoção forte.","Com mais de US$ 13 bilhões, Itajaí, em SC, foi a cidade que mais importou no Brasil em 2023","Itajaí foi a cidade brasileira com maior valor em importações em 2023, totalizando US$ 13 bilhões, o que representa cerca de 5,47% do total nacional.","O destaque nas importações se deve à localização estratégica, logística eficiente e vantagens fiscais, além da expectativa de reativação do Porto de Itajaí, que esteve parado durante o ano.","Apesar do crescimento de Itajaí, as importações brasileiras totalizaram US$ 240,8 bilhões em 2023, registrando uma queda de 11,66% em relação a 2022, resultando em um superávit comercial de quase US$ 100 bilhões."
1608,neutro,neutro,neutro,neutro,neutro,neutro,neutro,neutro,neutro,neutro,"A manchete expressa uma expectativa de ações governamentais para melhorar o setor financeiro, o que pode gerar sentimentos de medo ou otimismo, mas é principalmente neutra. f1 é neutro, pois transmite informações factuais sobre uma apresentação de projetos. f2 é neutro, mas com um leve tom de medo, pois envolve a solicitação de apoio, o que pode gerar incerteza sobre a aceitação e a tramitação. f3 é neutro, pois detalha projetos antigos que foram retomados, o que não é surpreendente nem emocionalmente carregado. No geral, a notícia é neutra, pois transmite informações factuais e rotineiras sem uma carga emocional dominante.","Fazenda pede apoio de bancos a projetos de resolução bancária, seguros e falências","O Secretário de Reformas Econômicas do Ministério da Fazenda apresentou a presidentes de grandes bancos oito projetos de lei relacionados aos setores financeiro e de crédito, detalhando seus objetivos e benefícios.","A reunião, realizada na Febraban, contou com a presença de executivos de bancos como Bradesco, Banco do Brasil, Caixa e Santander, além do ministro Fernando Haddad, que solicitou apoio na tramitação dos textos.","Os projetos, alguns propostos há anos e retomados pelo governo, visam modernizar o mercado financeiro e de crédito, incluindo a Lei do Seguro, que foi desengavetada após anos de espera."
1614,alegria,positivo,medo,negativo,alegria,positivo,alegria,positivo,alegria,positivo,"A manchete expressa alegria devido à previsão de crescimento econômico, mesmo que fraco, e uma inflação abaixo de 3% em 2024, o que é visto como positivo no contexto econômico. O f1 apresenta medo, pois o crescimento previsto é mais fraco do que o esperado anteriormente, indicando uma recuperação lenta. O f2 traz alegria, refletindo a queda na inflação devido a fatores positivos como a diminuição dos preços de energia e oferta superior à demanda. O f3 também apresenta alegria, ao destacar fatores positivos que devem favorecer o fortalecimento econômico, como inflação em queda, mercado de trabalho resiliente e melhora nas condições de crédito. No geral, a emoção dominante é a alegria, devido às previsões positivas de inflação e fortalecimento econômico.",UE prevê crescimento mais fraco da zona do euro e inflação abaixo de 3% em 2024,"A Comissão Europeia reduziu a previsão de crescimento do PIB da zona do euro para 0,8% em 2024, abaixo dos 1,2% estimados anteriormente, refletindo uma recuperação mais fraca após a estagnação de 2023.","Apesar do cenário de desaceleração econômica, a inflação deve diminuir de 5,4% em 2023 para 2,7% em 2024, apoiada pela queda nos preços de energia e oferta superior à demanda.","A entidade acredita que a combinação de inflação em queda, mercado de trabalho resiliente e melhora nas condições de crédito deve favorecer o fortalecimento econômico ao longo do ano."
1618,tristeza,negativo,tristeza,negativo,medo,negativo,surpresa,neutro,tristeza,negativo,"A manchete expressa uma situação negativa de recessão, o que indica uma emoção de tristeza e polaridade negativa. A primeira parte (f1) reforça essa emoção ao detalhar a queda no PIB, intensificando a tristeza e mantendo a polaridade negativa. A segunda parte (f2) descreve os desafios enfrentados, incluindo inflação elevada, clima adverso e greves, o que gera uma sensação de medo devido à incerteza econômica e mantém a polaridade negativa. A terceira parte (f3) menciona expectativas de recuperação e sinais de melhora, o que traz uma emoção de surpresa e uma polaridade neutra, pois embora haja uma perspectiva positiva, ainda há incertezas significativas. Considerando o texto como um todo, a emoção dominante é de tristeza, com polaridade negativa, pois as partes iniciais dominam o tom geral da notícia.","Reino Unido entrou em recessão em 2023, apontam dados oficiais","O Reino Unido entrou oficialmente em recessão no ano passado, com dois trimestres consecutivos de queda no PIB, sendo a mais acentuada no último trimestre de 2023.","Os dados indicam que a economia enfrenta desafios como inflação elevada, clima adverso e greves, que impactaram a produtividade e o crescimento.","Apesar das dificuldades atuais, há expectativas de recuperação e fortalecimento econômico nos próximos anos, com sinais de melhora no mercado de trabalho e políticas de estímulo."
1619,tristeza,negativo,tristeza,negativo,tristeza,negativo,medo,negativo,tristeza,negativo,"A manchete expressa tristeza e negatividade, indicando uma piora na economia japonesa, o que é confirmado em f1 e f2 com contração do PIB e enfraquecimento da demanda doméstica. Em f3, há uma mistura de tristeza e medo, com a manutenção de taxas de juros negativas devido a um crescimento mais fraco, sugerindo incerteza econômica. A emoção geral é de tristeza, com uma polaridade negativa dominante.",Japão entra em recessão e perde posto de 3ª maior economia do mundo para Alemanha,"O Japão entrou em recessão técnica após uma contração de 0,4% no PIB no último trimestre de 2023, abaixo das expectativas de crescimento de 1,4%.","A economia apresentou recuos no consumo e no PIB em relação ao trimestre anterior, refletindo uma demanda doméstica enfraquecida, apesar da inflação central superar a meta de 2% por 15 meses consecutivos.","O resultado reforça a possibilidade de manutenção de taxas de juros negativas pelo Banco do Japão por mais tempo, mesmo com sinais de crescimento mais fraco e expectativas de aumento salarial."
1629,medo,negativo,medo,negativo,medo,negativo,medo,negativo,medo,negativo,"A manchete sugere um alerta sobre o impacto econômico global de conflitos, indicando uma emoção de medo devido à incerteza e volatilidade econômica. A f1 descreve o prejuízo econômico já ocorrido, mas ainda dentro do contexto de medo e incerteza. A f2 menciona um alerta específico e uma ameaça ao Canal de Suez, reforçando o sentimento de medo. A f3 confirma essa emoção ao falar sobre a intensificação do conflito e seu impacto na economia global. A polaridade geral da notícia é negativa devido à natureza alarmante das informações.",FMI e Banco Mundial dizem que conflito em Gaza e ataques no Mar Vermelho ameaçam economia global,"A guerra entre Israel e o Hamas, iniciada em outubro, já prejudicou as economias do Oriente Médio e do Norte da África, segundo o FMI e o Banco Mundial.","A diretora-geral do FMI, Kristalina Georgieva, alertou para o risco de propagação do conflito, especialmente no Canal de Suez, devido aos ataques dos houthis do Iêmen.",Ambos os bancos destacaram que a intensificação do conflito pode agravar a insegurança financeira global e afetar as perspectivas econômicas mundiais.
1633,neutro,neutro,neutro,neutro,neutro,neutro,neutro,neutro,neutro,neutro,"A manchete reflete uma perspectiva neutra sobre a inflação, focando em dados factuais sobre a tendência de queda. O f1 é neutro, pois apresenta uma análise factual de vários fatores econômicos que afetam a inflação, sem expressar uma emoção clara. O f2, apesar de mencionar uma recuperação modesta, ainda tem um sentimento neutro, pois também aborda desafios econômicos, como o aperto monetário e a fraqueza no comércio global. O f3 é neutro, destacando a resiliência do mercado de trabalho e a realidade de setores específicos enfrentando dificuldades de crédito, sem indicar uma emoção dominante. A emoção geral da notícia é neutra, pois a informação é transmitida de forma factual, sem especulação ou carga emocional significativa.","Inflação deve seguir em queda na zona do euro ao longo de 2024, diz BCE em boletim","A inflação na zona do euro deve continuar em queda ao longo de 2024, impulsionada pela dissipação de choques de energia, arrefecimento dos gargalos produtivos e efeitos de juros restritivos, embora pressões salariais e de produtividade ainda mantenham os preços elevados.","Apesar de uma atividade econômica estagnada ao final de 2023, indicadores preliminares apontam uma melhora modesta no primeiro trimestre, com expectativa de aceleração ao longo do ano, influenciada pela fraqueza no comércio global e pelo aperto monetário.","O mercado de trabalho demonstra resiliência, mas setores como o imobiliário e a construção enfrentam maior aperto de crédito, refletindo uma demanda reduzida e condições de financiamento mais restritivas, enquanto medidas regulatórias fortaleceram a capitalização bancária e reduziram a liquidez excessiva."
1635,medo,negativo,medo,negativo,medo,negativo,medo,negativo,medo,negativo,"A manchete reflete um sentimento de incerteza, que se alinha com a emoção de medo e polaridade negativa, devido às incertezas sobre a inflação e a Selic. F1 também expressa medo e polaridade negativa, pois destaca a incerteza sobre o futuro presidente do Banco Central e a falta de um decreto, elementos que aumentam a insegurança sobre a estabilidade econômica. F2 reforça o medo e a polaridade negativa ao mencionar que a falta de clareza na política monetária aumenta as expectativas de inflação acima do centro da meta. F3, por fim, continua com a emoção de medo e polaridade negativa ao enfatizar que a incerteza prejudica a estabilidade das expectativas e a necessidade de uma definição clara do regime de metas pelo governo.","As duas principais incertezas sobre a inflação e a Selic, segundo ex-diretores do BC",Economistas do BTG Pactual destacam a expectativa de inflação fora da meta devido à incerteza sobre o próximo presidente do Banco Central e a ausência de um decreto presidencial que defina o regime de metas para 2024.,"A falta de clareza sobre a condução da política monetária e a indefinição do quadro institucional aumentam as expectativas de inflação acima do centro da meta, que é de 3%.","A incerteza, segundo os especialistas, prejudica a estabilidade das expectativas e reforça a necessidade de uma definição clara do regime de metas pelo governo."
1639,alegria,positivo,alegria,positivo,alegria,positivo,alegria,positivo,alegria,positivo,"A manchete expressa alegria, com uma notícia positiva sobre financiamento. A polaridade é positiva. f1 detalha os planos de inovação, mantendo a alegria e a polaridade positiva. f2 continua com a descrição de projetos sustentáveis, reforçando a alegria e a polaridade positiva. f3 enfatiza os benefícios para a cadeia industrial e empregos, com alegria e polaridade positiva. Geral é alegria e positivo devido ao foco em inovação e sustentabilidade.",Embraer receberá financiamento de R$ 500 mi com recursos do BNDES Mais Inovação,"O BNDES anunciou o repasse de R$ 500 milhões à Embraer, parte de um investimento total de R$ 650 milhões em projetos de inovação de 2023 a 2027, com foco em novas tecnologias e sustentabilidade.","Os recursos serão utilizados para desenvolver soluções digitais, de mobilidade aérea sustentável e de redução de emissões de carbono, fortalecendo a competitividade da indústria aeroespacial brasileira.","A iniciativa busca impulsionar a inovação, a transformação digital e a sustentabilidade no setor, beneficiando toda a cadeia industrial e gerando empregos de alta qualificação no país."
1670,alegria,positivo,alegria,positivo,alegria,positivo,medo,neutro,alegria,positivo,"A manchete expressa ânimo positivo ao destacar a elevação das projeções de crescimento e inflação pelo Banco da Inglaterra. O f1 reforça essa alegria ao detalhar a expectativa de recuperação da economia. O f2, embora contenha uma projeção de inflação temporariamente baixa, termina com expectativas de crescimento sustentável, mantendo a emoção positiva. O f3, contudo, traz uma nota de cautela, mencionando a necessidade de mais evidências para mudanças na política monetária e riscos geopolíticos, mas ainda não altera significativamente o tom geral positivo.",BoE eleva projeções para crescimento do PIB e para inflação nos próximos 2 anos no Reino Unido,"O Banco da Inglaterra elevou suas projeções de crescimento do PIB e inflação para os próximos dois anos, indicando uma recuperação gradual da economia britânica.","A previsão aponta que a inflação deve desacelerar temporariamente para 2% no segundo trimestre de 2024, mas deve voltar a acelerar, atingindo 2,75% ao final do ano, e manter-se em torno de 2,3% até 2026.","Apesar das expectativas de relaxamento monetário, o presidente do BoE, Andrew Bailey, afirmou que o banco precisa de mais evidências antes de reduzir os juros, enquanto o relatório também destaca riscos relacionados às tensões no Oriente Médio e ao trânsito no Mar Vermelho."
1674,neutro,neutro,neutro,neutro,alegria,positivo,neutro,neutro,neutro,neutro,"A manchete transmite uma informação neutra sobre o início do pagamento do novo salário mínimo, sem expressar uma emoção clara. O f1 também é neutro, detalhando o reajuste e seus impactos. O f2 apresenta alegria ao mostrar o impacto positivo na economia, enquanto o f3 mantém uma neutralidade ao destacar as limitações e ajustes necessários. No geral, a notícia é neutra, focando na transmissão de informações factuais.",Novo salário mínimo começa a ser pago nesta quinta; veja valor,"O novo salário mínimo de R$ 1.412, com reajuste de 7%, começou a ser pago em 1º de janeiro, impactando aposentadorias, seguro-desemprego e benefícios sociais.","Segundo o Dieese, mais de 59 milhões de pessoas têm renda vinculada ao piso, o que deve injetar cerca de R$ 70 bilhões na economia.","Apesar do aumento, ainda não é possível comprar duas cestas básicas com o valor, e diversos benefícios e programas sociais tiveram seus valores ajustados para refletir o novo piso."
1677,alegria,positivo,alegria,positivo,neutro,neutro,alegria,positivo,alegria,positivo,"A manchete transmite alegria e positividade, pois indica uma expectativa de recuperação do investimento em 2024. O f1 reforça essa emoção, destacando a importância da retomada do investimento para o crescimento econômico. O f2 é neutro, pois apresenta uma comparação entre projeções conservadoras da SPE e as estimativas de mercado, sem emitir uma opinião clara sobre o assunto. O f3 apresenta uma mistura de alegria e medo, com a emoção predominante sendo a alegria devido à recuperação do investimento, mas com uma nota de medo devido aos riscos mencionados. No geral, a emoção predominante da notícia é a alegria, com uma polaridade positiva devido à expectativa de crescimento econômico.","Destaque de 2024 será recuperação do investimento, diz SPE da Fazenda em 'Balanço Macrofiscal'","A Secretaria de Política Econômica do Ministério da Fazenda destaca que a retomada do investimento será o principal fator de crescimento para o Brasil em 2024, compensando parcialmente a menor contribuição do consumo e do setor externo.","A projeção do PIB para 2024 é de 2,2%, considerada conservadora, enquanto o mercado estima cerca de 1,6%, indicando possíveis revisões nas estimativas.","O estudo aponta que a recuperação do investimento, impulsionada por fatores como juros menores, obras públicas e incentivos fiscais, deve contribuir para a retomada da produtividade e a estabilidade da inflação, embora riscos como eventos climáticos extremos e conflitos geopolíticos possam afetar o cenário econômico."
1734,neutro,neutro,medo,negativo,neutro,neutro,neutro,neutro,neutro,neutro,"A manchete transmite uma emoção de neutro, pois é uma informação factual sobre uma conversa futura, sem indicar nenhuma emoção específica. A f1 apresenta uma emoção de medo, pois transmite incerteza sobre a efetividade da reoneração gradual da folha de pagamento, apesar da equipe econômica insistir nisso. A f2 também apresenta uma emoção de neutro, pois é uma informação factual sobre a falta de comunicação entre Haddad e Pacheco e a vontade de Lula de conversar. A f3 mantém a emoção de neutro, pois descreve a compreensão de Pacheco e o interesse de Lula em discutir a estratégia, sem expressar emoção ou polaridade específica. No geral, a notícia é neutra, pois não expressa uma emoção ou polaridade dominante.",Haddad afirma que Lula conversará com Pacheco sobre desoneração da folha,"O ministro da Fazenda, Fernando Haddad, afirmou que a equipe econômica continuará insistindo na reoneração gradual da folha de pagamentos, apesar da declaração do presidente do Senado, Rodrigo Pacheco, de que a medida provisória que retoma impostos sobre salários será revogada.",Haddad destacou que ainda não conseguiu falar com Pacheco para discutir o tema e que o presidente Lula também deseja conversar com o senador para definir a estratégia.,"Segundo o ministro, Pacheco entende que os quatro temas da MP devem ser tratados separadamente pelo Congresso, e Lula manifestou interesse em discutir a forma de abordagem dessas questões."
1744,alegria,positivo,alegria,positivo,alegria,positivo,medo,neutro,alegria,positivo,"A manchete reflete otimismo com a expectativa de crescimento econômico superando metas, indicando alegria e polaridade positiva. F1 detalha os fatores de crescimento, como a recuperação econômica e o aumento das exportações, que reforçam a alegria e a polaridade positiva. F2 menciona uma mudança positiva na estrutura dos parceiros comerciais, indicando novamente alegria e polaridade positiva. F3 introduz desafios para o futuro, mas ainda dentro de um contexto de superação e fortalecimento, indicando medo, porém com uma polaridade neutra, pois não expressa um resultado negativo imediato, mas sim a necessidade de políticas para manter o crescimento. O geral é positivo, pois a notícia como um todo é otimista sobre o desempenho econômico de Xangai.",Crescimento do PIB de Xangai em 2023 poderá superar meta,"Espera-se que o PIB de Xangai em 2023 supere as metas estabelecidas, impulsionado pela recuperação econômica após a pandemia e pelo aumento do comércio exterior, especialmente nas exportações de produtos como veículos elétricos e baterias de lítio.","O relatório aponta uma mudança na estrutura dos parceiros comerciais, com a União Europeia substituindo os EUA como principal destino das exportações, refletindo uma realocação de mercados.","Para 2024, a cidade enfrenta desafios sistêmicos e cíclicos que exigem políticas abrangentes para revitalizar o mercado, fortalecer o comércio externo e promover o crescimento sustentável."
1769,alegria,positivo,alegria,positivo,alegria,positivo,alegria,positivo,alegria,positivo,"A manchete expressa alegria ao anunciar uma ção positiva de mais recursos para o Plano Safra, indicando uma postura proativa do BNDES. O f1 continua com a mesma emoção e polaridade, detalhando o aumento dos recursos e reforçando o otimismo com a nova verba. O f2 mantém a alegria, destacando a parceria com o governo Lula e a necessidade atendida, o que reflete confiança e crescimento no setor. O f3 também transmite alegria ao mencionar o sucesso das operações aprovadas pelo BNDES Crédito Rural, reforçando a eficácia das medidas.",BNDES anuncia mais R$ 3 bilhões para crédito pelo Plano Safra,"O BNDES anunciou a disponibilização de mais R$ 3 bilhões para operações de crédito no âmbito do Plano Safra 2023/24, elevando os recursos totais a R$ 8,5 bilhões até junho de 2024.","A medida, tomada em parceria com o governo de Luiz Inácio Lula da Silva, visa atender produtores rurais, cooperativas e agricultores familiares, diante do uso próximo da verba repassada às instituições credenciadas.","O banco também oferece soluções próprias, como o BNDES Crédito Rural, que já soma R$ 4,2 bilhões em operações aprovadas nesta safra."
1808,neutro,neutro,medo,negativo,tristeza,negativo,alegria,positivo,tristeza,negativo,"A manchete sugere uma solução para os problemas do setor aéreo, refletindo uma emoção neutra, pois não expressa nenhuma emoção clara, apenas um fato. O f1 apresenta um dado negativo sobre o aumento das passagens, causando medo devido à incerteza econômica, com uma polaridade negativa. O f2 reforça a emoção de tristeza pela confirmação de perdas financeiras substanciais, com polaridade negativa. O f3 traz esperança e alegria ao sugerir medidas para melhorar a situação, com uma polaridade positiva. Geralmente, a emoção dominante da notícia é tristeza, considerando os grandes prejuízos mencionados, apesar da solução proposta.",Reestruturar para voar mais e melhor,"Os preços das passagens aéreas no Brasil aumentaram 62,7% entre janeiro de 2020 e novembro de 2023, superando a inflação de 26,6% no período, devido ao aumento do custo do querosene de aviação, que saltou cerca de 60%.","Apesar do crescimento das tarifas, o setor enfrenta prejuízos acumulados de R$41,5 bilhões entre 2018 e 2022, agravados pela pandemia, alta de juros e dificuldades financeiras internacionais.","Para viabilizar tarifas mais acessíveis, é fundamental uma reestruturação operacional e financeira do setor, com apoio do poder público na segurança jurídica, na reforma tributária e na adoção de fontes de energia mais sustentáveis."
1849,tristeza,negativo,tristeza,negativo,surpresa,negativo,tristeza,negativo,tristeza,negativo,"A manchete indica tristeza devido ao declínio consecutivo no IBC-Br, sugerindo uma situação econômica desfavorável. O f1 reforça a tristeza com a informação de queda consecutiva no índice econômico. O f2 apresenta uma surpresa, pois apesar do recuo, há crescimento acumulado no ano, mas ainda assim, a polaridade é negativa devido ao não atendimento das expectativas do mercado. O f3 evidencia tristeza ao destacar que o resultado foi o pior desde janeiro, indicando um crescimento econômico fraco. A emoção geral da notícia é tristeza, com uma polaridade negativa dominante devido ao foco nas quedas e no desempenho abaixo do esperado.","Prévia do PIB: IBC-Br cai 0,06% em outubro, em 3ª queda seguida","O Índice de Atividade Econômica do Banco Central (IBC-Br) apresentou uma queda de 0,06% em outubro, o terceiro mês consecutivo de declínio.","Apesar do recuo, o índice acumula alta de 2,36% no ano e de 2,19% em 12 meses, ficando abaixo das expectativas do mercado financeiro.","O resultado mais recente foi o pior desde janeiro, refletindo um ritmo de crescimento mais fraco para a economia brasileira neste período."
1890,medo,negativo,medo,negativo,tristeza,negativo,raiva,negativo,tristeza,negativo,"A manchete indica preocupação com a capacidade do governo de atingir a meta de déficit zero devido a mudanças na LDO, sugerindo 'medo' e 'negativo' pela incerteza e dificuldade em alcançar o objetivo fiscal. O f1 reforça o 'medo' e a 'negatividade' ao detalhar as limitações impostas pelo relator, que dificultam o contingenciamento necessário. O f2 aumenta a 'tristeza' e 'negatividade' ao apontar consequências como insegurança jurídica e comprometimento de projetos. O f3 mistura 'raiva' e 'negatividade' ao indicar que o relator preservou gastos do Executivo, prejudicando outros poderes e possivelmente inviabilizando a meta fiscal, o que gera frustração. No geral, a notícia é predominantemente negativa, com emoções de medo, tristeza e raiva, devido às implicações fiscais e políticas das mudanças na LDO.",Consultoria da Câmara diz que novo texto da LDO inviabiliza meta de déficit zero,"O relator da Lei de Diretrizes Orçamentárias de 2024, Danilo Forte, fez alterações que limitam o contingenciamento de despesas a R$ 22,3 bilhões, dificultando o alcance da meta de zerar o déficit fiscal, estimada em pelo menos R$ 56 bilhões pelos técnicos da Câmara.","Essas mudanças, que ampliam as despesas não contingenciáveis, podem comprometer a execução de projetos e gerar insegurança jurídica, além de transferir maior responsabilidade de bloqueio para os demais Poderes.","Apesar de afirmar que sua redação mantém a autonomia do governo, Forte acabou preservando gastos do Executivo e dificultando o bloqueio de recursos de Legislativo e Judiciário, o que pode impactar o cumprimento da meta fiscal estabelecida pelo governo."
1893,neutro,neutro,alegria,positivo,neutro,neutro,neutro,neutro,neutro,neutro,"A manchete reflete uma perspectiva neutra, transmitindo uma informação factual sobre a previsão de alta na demanda global por petróleo. O f1 destaca a alegria e positividade ao mencionar o aumento na demanda de países importantes como China e Índia. O f2 apresenta uma perspectiva neutra ao revisar levemente para cima a expectativa de oferta de combustíveis líquidos fora da Opep, mencionando países como EUA, Brasil e Noruega. O f3 possui uma perspectiva neutra ao ajustar projeções econômicas, incluindo o crescimento do PIB do Brasil e a previsão da taxa da Selic, com foco nas incertezas fiscais e expectativas de mercado.",Opep mantém previsão para alta na demanda global por petróleo em 2023 e 2024,"A Opep manteve sua projeção de crescimento da demanda global por petróleo em 2,5 milhões de bpd para 2023 e 2,2 milhões de bpd para 2024, com destaque para o aumento na demanda de países fora da OCDE, como China e Índia.","A organização também revisou levemente para cima suas expectativas de oferta de combustíveis líquidos fora do cartel, impulsionada por países como EUA, Brasil e Noruega, enquanto prevê uma estabilidade na produção brasileira em 2023.","Além disso, a Opep ajustou suas projeções econômicas, mantendo o crescimento do PIB do Brasil em 2,5% para 2023 e elevando a previsão da taxa da Selic para 10% ao fim de 2024, refletindo incertezas fiscais e expectativas de menor ritmo na redução dos juros."
1899,alegria,positivo,alegria,positivo,neutro,neutro,alegria,positivo,alegria,positivo,"A manchete expressa uma expectativa de mudança positiva na política monetária, com uma redução dos juros, o que geralmente é visto como uma boa notícia para o mercado, portanto, a emoção é alegria e a polaridade é positiva. O f1 confirma essa expectativa com detalhes factuais sobre a redução dos juros, mantendo a emoção de alegria e a polaridade positiva. O f2 introduz um elemento de cautela ao mencionar incertezas econômicas, mas ainda é predominantemente neutro, pois se trata de uma análise de expectativa do mercado sem carga emocional forte, logo, a emoção é neutra e a polaridade também. O f3 reforça a expectativa de continuidade na redução dos juros, sugerindo estabilidade na política monetária, o que é positivo para o mercado, mantendo a emoção de alegria e a polaridade positiva. No geral, a notícia é predominantemente positiva, com uma expectativa de boas notícias para o mercado financeiro.","Copom se reúne nesta quarta e deve cortar os juros para 11,75% ao ano","Os diretores do Banco Central devem reduzir os juros em 0,5 ponto percentual, para 11,75% ao ano, durante a reunião do Copom nesta quarta-feira, 13.","Analistas acreditam que o mercado deve receber um comunicado neutro, sem mudanças relevantes, devido às incertezas econômicas internacionais e domésticas.","A expectativa é de que o BC mantenha o ritmo de cortes de juros nas próximas reuniões, refletindo um cenário de estabilidade na política monetária."
1912,neutro,neutro,neutro,neutro,neutro,neutro,medo,negativo,neutro,neutro,"A manchete reflete uma ação proativa do Banco Central Europeu para manter a estabilidade monetária, sugerindo cautela e estabilidade, mas não uma emoção clara. É classificada como neutra. F1 transmite uma informação positiva e estável sobre a inflação, sugerindo uma emoção neutra, pois não há carga emocional significativa. F2 introduz um elemento de cautela e expectativa, o que pode gerar um leve sentimento de medo, mas ainda assim é predominantemente neutro. F3 menciona impactos negativos em setores como o imobiliário e a atenção do BCE a riscos, sugerindo uma emoção de medo, pois reflete incerteza e possíveis desafios futuros. A emoção geral é neutra com uma leve inclinação para medo, devido às incertezas mencionadas.",BCE se apressa para manter taxas de juro em um nível recorde,"O Banco Central Europeu deve manter as taxas de juros em 4,0% na reunião de quinta-feira, diante de sinais de queda mais rápida da inflação na zona do euro.","Apesar das especulações sobre cortes futuros, autoridades como Christine Lagarde reforçam a cautela, destacando que ainda não é o momento de reduzir as taxas.","A política monetária restritiva já impacta setores como o imobiliário, enquanto o BCE permanece atento ao risco de aumento nos preços de energia e salários."
1914,neutro,neutro,neutro,neutro,neutro,neutro,neutro,neutro,neutro,neutro,"A manchete expressa uma possibilidade de ação futura para melhorar a arrecadação, o que pode gerar expectativa e cautela, mas não indica claramente uma emoção dominante, sendo classificada como 'neutro'. O f1 detalha as intenções do governo, indicando medidas específicas que podem ser tomadas, mantendo o tom informativo e neutro. O f2 apresenta exemplos concretos das medidas de arrecadação, ainda com um foco informativo, porém pode gerar 'medo' ou incerteza entre empresas afetadas pela tributação, embora o contexto geral mantenha a 'neutro'. O f3 enfatiza a necessidade de coordenação entre políticas monetária e fiscal, o que é uma informação técnica e neutra, sem carga emocional significativa.",Haddad diz que pode tomar novas medidas para ampliar arrecadação,"O ministro da Fazenda, Fernando Haddad, afirmou que o governo está disposto a implementar novas medidas de arrecadação, se necessário, para atingir a meta fiscal de R$168 bilhões em 2024.","Ele destacou que as propostas em tramitação no Congresso, como a retomada da tributação de empresas com benefícios de ICMS e a taxação de apostas on-line, podem gerar receitas significativas, além de ajustes no JCP.",Haddad ressaltou a importância de uma política monetária coordenada com as ações fiscais para garantir o crescimento econômico e o equilíbrio fiscal do país.
1928,alegria,positivo,alegria,positivo,alegria,positivo,surpresa,positivo,alegria,positivo,"A manchete expressa alegria e positividade ao anunciar a extensão do programa de renegociação de dívidas, destacando um montante significativo renegociado e o número de brasileiros beneficiados. A f1 reforça essa emoção, pois a extensão do programa indica uma oportunidade contínua para os cidadãos, o que é positivo. A f2 também apresenta um sentimento de alegria, pois a facilitação do acesso e a ampliação do prazo são medidas que visam beneficiar mais pessoas, mostrando uma ação proativa e positiva do governo. A f3, embora ainda positiva, indica uma surpresa ao reconhecer que muitas pessoas ainda não foram alcançadas, especialmente idosos e de baixa renda, o que sugere uma oportunidade de melhoria e não uma emoção negativa. Considerando o contexto geral, a emoção dominante é a alegria, pois a notícia foca nas medidas benéficas do governo para ajudar os cidadãos.",Desenrola: governo quer estender programa até março de 2024 e renegociações somam R$ 29 bi,"O Ministério da Fazenda anunciou a extensão até março de 2024 do programa de renegociação de dívidas Desenrola Brasil, que inicialmente iria até dezembro de 2023.","O governo também pretende alterar as regras de acesso à plataforma, eliminando o requisito de nível prata ou ouro, e ampliar o prazo de adesão por mais três meses.","Apesar de o programa ter renegociado R$ 29 bilhões com 10,7 milhões de brasileiros, o governo reconhece que ainda há muitas pessoas, especialmente idosas e de baixa renda, que não participaram ou não acessaram a plataforma."
1951,neutro,neutro,neutro,neutro,neutro,neutro,neutro,neutro,neutro,positivo,"A manchete expressa uma tendência positiva com a queda da inflação, o que é geralmente visto como uma boa notícia para a economia, indicando uma melhoria nas condições econômicas. No entanto, a polaridade é neutra devido à falta de expressões emocionais fortes. A seção f1 também apresenta uma notícia positiva sobre a queda da inflação, mantendo a emoção de neutro, pois é uma informação factual. Em f2, há uma mistura de cautela (medo) com otimismo (alegria), pois, embora o Fed esteja controlando a inflação com taxas altas, há expectativas de uma possível redução, mas a polaridade é neutra, refletindo uma postura de estabilidade e expectativa. A seção f3 é neutra, pois discute a estratégia contínua do Fed sem expressar emoções fortes, mas com uma leve inclinação ao medo devido à necessidade de manter políticas restritivas. No geral, a notícia é positiva, pois a inflação está caindo, mas a emoção geral é neutra devido ao foco em dados e expectativas econômicas.","Inflação volta a cair em outubro nos EUA, a 3% em 12 meses","A inflação nos Estados Unidos caiu para 3% em 12 meses em outubro, impulsionada pela redução nos preços de bens e energia, conforme o índice PCE.","O Federal Reserve mantém as taxas de juros elevadas para controlar a inflação, com sinais de que pode manter a estabilidade na próxima reunião e possivelmente reduzir as taxas no próximo ano, à medida que a atividade econômica se moderou.",Especialistas indicam que a política restritiva deve permanecer por algum tempo para alcançar a meta de 2% de inflação de forma sustentável.
1973,neutro,neutro,neutro,neutro,neutro,neutro,neutro,neutro,neutro,neutro,"A manchete indica uma ação esperada no cenário político, o que a torna neutra. O f1 fornece detalhes sobre a indicação, focando em fatos sem carregar uma emoção específica, mantendo a neutralidade. O f2 apresenta informações sobre os candidatos e suas experiências, também de forma neutra e factual. O f3 sugere uma possível influência na política econômica, mas ainda dentro de um contexto neutro, pois não expressa claramente uma emoção ou polaridade específica. Portanto, o rótulo geral da notícia também é neutro.",Comissão do Senado sabatinará indicados do governo para diretorias do Banco Central nesta terça,"A Comissão de Assuntos Econômicos do Senado realizará nesta terça-feira, 28, uma sabatina com dois indicados para a diretoria do Banco Central, escolhidos pelo presidente Lula.","Paulo Picchetti, professor da FGV com experiência em Métodos Quantitativos em Economia, foi indicado para a diretoria de Assuntos Internacionais, enquanto Rodrigo Teixeira, funcionário de carreira do BC e secretário da Casa Civil, foi nomeado para a diretoria de Relacionamento, Cidadania e Supervisão de Conduta.","A votação e eventual aprovação dos nomes deverão definir a composição das diretorias do BC, influenciando a política econômica do país."
1977,neutro,neutro,neutro,neutro,medo,negativo,neutro,neutro,neutro,neutro,"A manchete transmite uma perspectiva de 'neutro' pois informa uma decisão estratégica do Banco Central Europeu (BCE) sem expressar claramente uma emoção. O f1 também é 'neutro' porque descreve uma política monetária sem juízo de valor, indicando uma postura cautelosa e uma possível reavaliação. O f2 possui uma emoção de 'medo' com uma polaridade 'negativa', pois aborda a incerteza econômica e prevê uma estagnção econômica, o que pode gerar receio no mercado. O f3 é 'neutro' porque reitera o compromisso do BCE com a estabilidade de preços e a transição verde, sem carga emocional significativa, focando em informações factuais. Geralmente, a notícia é 'neutro' porque, apesar de conter informações que podem ser interpretadas como negativas, a abordagem é informativa e cautelosa, sem incitar emoções fortes.","BCE reavaliará posição em dezembro sobre juros conforme dados, afirma Lagarde","A presidente do Banco Central Europeu, Christine Lagarde, afirmou que as taxas de juros permanecerão restritivas pelo tempo necessário para reduzir a inflação de forma sustentável, com possibilidade de reavaliação em dezembro.","Ela destacou a importância de monitorar os fatores internos de inflação na zona do euro e alertou para a incerteza nas perspectivas de médio prazo, além de prever uma estagnação econômica até o final de 2023.","Lagarde também reforçou o compromisso do BCE com a estabilidade de preços e a continuidade do suporte às iniciativas de transição verde, sem prejudicar a trajetória inflacionária."
2001,neutro,neutro,neutro,neutro,medo,negativo,medo,negativo,medo,negativo,"A manchete transmite um sentimento de 'neutro' pois não indica claramente uma emoção, apenas relatando um fato de que não houve discussão sobre combustíveis. O f1 segue com uma emoção 'neutro', pois é uma transmissão de informações factuais e rotineiras, sem carga opinativa. O f2 apresenta uma emoção de 'medo' devido à incerteza sobre a política de preços da companhia e ao conflito entre expectativas do governo e decisões da empresa, com uma polaridade 'negativa'. O f3 revela uma emoção de 'medo' também, com uma polaridade 'negativa', devido às especulações sobre a substituição do presidente da Petrobras, o que gera incerteza e potencial volatilidade. A emoção geral da notícia é 'medo' devido às incertezas e tensões apresentadas nos f2 e f3, enquanto a polaridade geral é 'negativa'.","Não falamos sobre combustíveis, diz presidente da Petrobras após reunião com Lula","Após reunião com o presidente Lula e ministros, o presidente da Petrobras, Jean Paul Prates, afirmou que não houve debate sobre o preço de combustíveis, concentrando-se no plano estratégico da companhia.","O ministro de Minas e Energia, Alexandre Silveira, tem pressionado pela redução dos preços, alegando queda na cotação do petróleo, enquanto Prates defende a manutenção da política de preços da estatal.","Há rumores de que o governo avalia substituir Prates na presidência da Petrobras, indicando tensões internas na gestão da companhia."
2002,medo,negativo,medo,negativo,neutro,neutro,neutro,neutro,medo,negativo,"A manchete indica preocupação com o impacto do aumento de ICMS na inflação, o que pode gerar medo de uma escalada de preços. F1 reforça essa preocupação com dados concretos, sugerindo uma emoção de medo e polaridade negativa devido ao potencial aumento da inflação. F2 apresenta uma visão mais neutra, com Campos Neto elogiando o esforço fiscal do governo federal, o que pode ser visto como uma emoção neutra e polaridade neutra. F3 também é neutra, com uma análise factual da situação econômica e a necessidade de manter o equilíbrio fiscal, indicando uma polaridade neutra. No geral, a notícia reflete uma preocupação com a inflação, mas também reconhece os esforços do governo em outras áreas, resultando em uma emoção geral de medo e polaridade geral negativa.","Aumento de ICMS de estados do Sul e Sudeste terá impacto na inflação, diz Campos Neto","O presidente do Banco Central, Roberto Campos Neto, destacou que o aumento de ICMS proposto por governadores do Sul e do Sudeste pode elevar o IPCA em até 0,2 ponto percentual neste ano.","Ele também elogiou o esforço fiscal do governo federal após a pandemia, que tem contribuído para a redução das taxas de juros, apesar do ceticismo do mercado quanto às metas fiscais.","Campos Neto ressaltou a necessidade de manter o equilíbrio nas contas públicas e afirmou que a despesa do governo brasileiro ainda está acima de outros países emergentes, mas que a recuperação econômica pode ajudar a melhorar essa situação."
2005,alegria,positivo,alegria,positivo,medo,negativo,neutro,neutro,neutro,neutro,"A manchete expressa otimismo do governo em relação ao crescimento do PIB, indicando alegria e polaridade positiva. O f1 confirma essa visão, ainda que haja uma redução na projeção, mantendo a polaridade positiva devido à comparação favorável com o mercado. O f2 apresenta uma visão menos otimista com a redução das expectativas de crescimento para 2024, indicando uma emoção de medo, com polaridade negativa, devido à incerteza sobre o futuro econômico. O f3, ao falar sobre a previsão de inflação, traz uma emoção de neutro, pois transmite informações factuais sobre ajustes na previsão, com polaridade neutra. No geral, a emoção dominante é neutro, com polaridade neutra, pois embora haja otimismo em relação ao PIB, há também ajustes realistas e menos otimistas em outras projeções.","Fazenda reduz previsão de alta do PIB de 2023 de 3,2% para 3%; projeção é maior que do mercado","O Ministério da Fazenda revisou para baixo a projeção de crescimento do PIB de 2023 de 3,2% para 3%, embora o governo continue mais otimista que o mercado, que estima 2,85%.","Para 2024, a expectativa de crescimento foi reduzida de 2,3% para 2,2%, enquanto as projeções para os anos seguintes permanecem próximas de 2,8% a 2,6%.","A previsão de inflação para 2023 foi ajustada de 4,85% para 4,66%, considerando fatores como mudanças no câmbio, preços de commodities e impactos do El Niño."
2012,neutro,neutro,neutro,neutro,medo,negativo,medo,negativo,medo,negativo,"A manchete expressa uma pequena redução na expectativa de crescimento econômico, o que é neutro, pois é uma informação factual e não carrega sentimentos fortes. F1 segue sendo neutro, apresentando informações factuais sobre a redução das projeções de crescimento e estabilidade em outras projeções. F2 expressa medo ao indicar um aumento na previsão do endividamento público, refletindo incerteza e preocupação com a sustentabilidade fiscal. F3 expressa medo, pois aponta para a dificuldade do governo em alcançar o equilíbrio fiscal, reforçando a incerteza sobre o futuro econômico. O rótulo geral é de medo, devido à predominância de incertezas e preocupações fiscais.","Projeção do Focus: alta do PIB de 2023 passa de 2,89% para 2 85%","O Boletim Focus do Banco Central reduziu as projeções de crescimento do PIB para 2023, de 2,89% para 2,84%, e manteve estáveis as estimativas para 2024 e 2025.","Além disso, aumentou a previsão para o endividamento público neste ano, com a relação dívida/PIB passando de 60,70% para 60,83%, enquanto o déficit primário permaneceu em 1,10%.","O governo projeta um superávit de R$ 2,8 bilhões em 2024, mas a meta pode ser revista devido à dificuldade de atingir o equilíbrio fiscal, conforme declarações do presidente Lula."
2016,tristeza,negativo,tristeza,negativo,alegria,positivo,medo,negativo,medo,negativo,"A manchete sugere uma emoção de tristeza devido à queda na atividade econômica, com polaridade negativa. O f1 reforça essa emoção de tristeza, pois destaca o desempenho negativo da economia no mês de setembro, com polaridade negativa. O f2 apresenta uma emoção de alegria ao indicar uma recuperação parcial, com uma alta acumulada, o que reflete uma polaridade positiva. O f3, no entanto, retorna a uma emoção de medo, pois os economistas projetam um crescimento abaixo das expectativas e risco de desempenho pior, com polaridade negativa. O rótulo geral da notícia deve ser de medo, pois a perspectiva futura de crescimento econômico é incerta e pessimista, refletindo a emoção dominante.","IBC-Br: prévia do PIB cai 0,06% em setembro; queda é de 0,64% no 3º trimestre","O Índice de Atividade Econômica do Banco Central (IBC-Br) registrou uma queda de 0,06% em setembro em relação a agosto, indicando um desempenho negativo na atividade econômica.","Apesar disso, o índice acumulou alta de 0,32% na comparação com setembro de 2022 e avançou 2,77% no ano, refletindo uma recuperação parcial.","Economistas, como Nicolas Borsoi, apontam que o resultado reforça a possibilidade de crescimento do PIB abaixo das expectativas, com projeções de queda no terceiro trimestre e risco de desempenho pior no quarto trimestre de 2023."
2034,medo,negativo,neutro,neutro,medo,negativo,neutro,neutro,medo,negativo,"A manchete gera uma polaridade negativa, pois levanta uma questão que sugere a possibilidade de o Brasil ter um dos impostos mais altos do mundo, o que é uma preocupação para os contribuintes e investidores. O f1 é neutro, pois apenas explica a estrutura da reforma tributária, sem emitir juízo ou especular sobre o impacto. O f2 indica uma emoção de medo, pois menciona uma alíquota potencialmente alta e a comparação desfavorável com outros países, gerando incerteza e possível aversão ao risco. O f3 é neutro, pois detalha medidas para evitar elevações excessivas nos impostos, apresentando uma informação factual e rotineira sobre a legislação complementar.",Brasil terá o maior imposto de valor agregado do mundo com a reforma tributária? Entenda,"A reforma tributária aprovada pelo Senado no dia 8 de agosto criou um Imposto de Valor Agregado (IVA) Dual, que substituirá diversos tributos sobre o consumo no Brasil, com exceções para setores como combustíveis, saúde e educação.","A alíquota do IVA, que poderá chegar a 28%, será definida por lei complementar e o período de transição começará em 2026, estendendo-se até 2033, tornando o Brasil um dos países com maior carga de IVA do mundo.","Apesar do aumento potencial na arrecadação, o relator do projeto estabeleceu um teto de referência para evitar elevações excessivas nos impostos, baseado na arrecadação média do setor público entre 2012 e 2021 em relação ao PIB."
2055,alegria,positivo,alegria,positivo,alegria,positivo,alegria,positivo,alegria,positivo,"A manchete reflete uma revisão positiva, indicando alegria e polaridade positiva pela expectativa de crescimento econômico. O f1 reforça essa alegria e polaridade positiva ao destacar a recuperação pós-pandemia. O f2 mantém essa emoção e polaridade, focando nos resultados do terceiro trimestre e nas políticas que levaram à revisão positiva. O f3 também é positivo, com a representante do FMI elogiando a China, o que reforça a alegria e a polaridade positiva. No geral, a notícia transmite alegria e polaridade positiva.","FMI aumenta previsão de crescimento da China para 5,4% em 2023","O FMI prevê que a economia da China crescerá 5,4% em 2023, refletindo a forte recuperação pós-pandemia.",A organização destacou que o desempenho do país no terceiro trimestre e as recentes políticas levaram a uma revisão positiva nas previsões para 2023 e 2024.,"A representante do FMI elogiou os esforços da China para ajustar seu mercado imobiliário e seu papel crescente na resolução de desafios globais, como mudanças climáticas e dívidas internacionais."
2080,neutro,neutro,neutro,neutro,neutro,neutro,neutro,neutro,neutro,neutro,"A manchete expressa uma mudança futura com uma perspectiva neutra, apenas informando sobre a reforma tributária. A f1 detalha a transição gradual, sem expressar emoção, mantendo-se neutra. A f2 menciona a possibilidade de uma redução da alíquota padrão de impostos, o que pode gerar expectativas positivas e surpresa, mas mantém-se neutra por ser uma possibilidade futura. A f3 foca na intenção do governo de reformar a tributação sobre a renda e ajustar impostos para promover isonomia, uma abordagem neutra e informativa.","Mudanças da reforma tributária começam de fato em 2027, com exclusão de PIS/Cofins e IPI, diz Appy","A reforma tributária no Brasil prevê mudanças significativas, como a extinção do PIS/Cofins e do IPI em 2027, além da criação de novos tributos federais, com uma transição gradual até 2029.","O secretário Bernard Appy destacou a importância de um período de preparação até 2025 e mencionou a possibilidade de redução da alíquota padrão de impostos para abaixo de 27%, dependendo de regulamentações futuras.","Ele também ressaltou que a prioridade do governo é reformar a tributação sobre a renda, corrigindo distorções, enquanto ajustes em impostos sobre grandes fortunas e mudanças no ITCMD visam ampliar a isonomia tributária no país."
2081,neutro,neutro,tristeza,negativo,tristeza,negativo,neutro,neutro,tristeza,negativo,"A manchete é neutra, focando em informações factuais sobre a criação de empregos e a taxa de desemprego. F1 apresenta uma emoção de tristeza com polaridade negativa, pois a criação de empregos está abaixo das expectativas. F2 intensifica a tristeza com uma polaridade negativa, mostrando que a taxa de desemprego aumentou e os salários cresceram menos que o esperado. F3 é neutro, pois apresenta uma desaceleração no mercado de trabalho, mas com um crescimento salarial anual positivo, o que não gera uma emoção dominante. A emoção geral é tristeza com polaridade negativa, pois a desaceleração no mercado de trabalho e o aumento da taxa de desemprego são os elementos mais significativos.","EUA cria 150 mil postos de trabalho em outubro; taxa de desemprego sobe a 3,9%","A economia dos Estados Unidos criou 150 mil empregos em outubro, abaixo da expectativa de 183 mil postos de trabalho, segundo o Departamento do Trabalho.","A taxa de desemprego aumentou para 3,9%, enquanto os salários médios por hora tiveram alta de 0,21%, abaixo do esperado, e os números de empregos revisados de meses anteriores também apresentaram queda.","O relatório indica uma desaceleração no mercado de trabalho, apesar do crescimento salarial anual de 4,10%."
2103,tristeza,negativo,medo,negativo,surpresa,neutro,tristeza,negativo,tristeza,negativo,"A manchete expressa tristeza devido à contração econômica da Alemanha. No f1, a emoção é medo, pois menciona fatores que podem prejudicar a economia, como altas taxas de juros e preços de energia. O f2 apresenta um sentimento de surpresa, pois a Alemanha evitou a recessão técnica, apesar da contração. O f3 traz tristeza, com a previsão de queda do PIB em 2023. A emoção geral é tristeza, dado o contexto negativo predominante da contração econômica.",Economia da Alemanha registra contração no terceiro trimestre,"A economia da Alemanha apresentou uma leve contração de 0,1% no terceiro trimestre, influenciada por altas taxas de juros, preços de energia e desaceleração industrial.","Os dados revisados do primeiro e segundo trimestres indicam que o país evitou a recessão técnica, com crescimento de 0,1% no segundo trimestre e estabilidade no primeiro.","O FMI projeta que a Alemanha será a única economia desenvolvida a registrar queda do PIB em 2023, com previsão de contração de 0,4%."
2108,neutro,neutro,neutro,neutro,neutro,neutro,neutro,neutro,neutro,neutro,"A manchete está neutra, pois apenas apresenta um questionamento sobre o que é a taxação dos 'super-ricos'. O f1 tem polaridade neutra, pois apresenta os fatos da aprovação de um projeto de lei de taxação, sem expressar opinião ou reação emocional. O f2 também é neutro, pois explica as alíquotas sem qualquer juízo de valor ou especulação. O f3, por sua vez, é neutro, pois discute medidas para evitar fraudes e manter limites para a formação de certos tipos de fundos, sem emitir juízo de valor ou especulação. A emoção geral da notícia é neutra, pois não há carga emocional ou opinativa expressa nas partes da notícia.",O que é a taxação dos 'super-ricos'? Veja perguntas e respostas,"A Câmara aprovou o projeto de lei que prevê a taxação semestral dos fundos de alta renda, incluindo fundos exclusivos e offshore, aumentando a arrecadação federal.","O texto estabelece alíquotas de 15% para ganhos de longo prazo e 20% para ganhos de curto prazo, além de antecipar a atualização do estoque de fundos para dezembro de 2023.","A medida busca ampliar a arrecadação e evitar fraudes, ao mesmo tempo em que mantém limites para a formação de fundos de Cadeias Agroindustriais e Fundos de Investimento Imobiliário, com restrições à participação de familiares."
2123,tristeza,negativo,tristeza,negativo,neutro,neutro,tristeza,negativo,tristeza,negativo,"A manchete expressa tristeza devido ao pior resultado da arrecadação federal desde 2021, indicando uma desaceleração econômica. F1 também apresenta tristeza, evidenciada pela queda consecutiva na arrecadação federal. F2 apresenta uma emoção neutra, pois apesar de uma leve recuperação mensal, o resultado geral ainda é o pior desde 2021, alinhando-se às expectativas de mercado, sem causar surpresa ou outra emoção intensa. F3 reforça a tristeza ao mostrar uma diminuição na arrecadação no acumulado do ano, destacando a desaceleração contínua. O rótulo geral de tristeza é dominante na notícia, refletindo a tendência negativa na arrecadação federal.",Arrecadação federal em setembro soma mais de R$ 174 bilhões e registra pior resultado desde 2021,"A arrecadação de impostos e contribuições federais em setembro totalizou R$ 174,316 bilhões, indicando uma queda real de 0,34% em relação ao mesmo mês do ano anterior, marcando o quarto mês consecutivo de redução.","Apesar do crescimento de 0,62% em relação a agosto de 2023, o resultado foi o pior para setembro desde 2021, alinhando-se às expectativas do mercado.","No acumulado de janeiro a setembro, a arrecadação somou R$ 1,691 trilhão, representando uma diminuição de 0,78% em relação ao mesmo período de 2022, o que evidencia a desaceleração na receita federal."
2149,medo,negativo,medo,negativo,medo,negativo,medo,negativo,medo,negativo,"A manchete expressa um clima de confronto e responsabilização pela crise econômica, indicando medo e negatividade. A f1 descreve a situação econômica com dados alarmantes, sugerindo medo e negatividade. A f2 destaca a incerteza da disputa eleitoral e acusações entre candidatos, revelando um sentimento de medo e negatividade. A f3 alerta para a volatilidade do cenário eleitoral, reforçando o medo e a incerteza. Em geral, a notícia transmite uma emoção dominante de medo, com polaridade negativa.",Reta final de eleição na Argentina vira batalha judicial entre candidatos pela 'culpa' da crise,"As eleições argentinas de 22 de outubro ocorrem em um cenário marcado por alta inflação de 138,3% ao ano, disparada do dólar e aumento da pobreza, agravando a crise econômica.","A disputa permanece incerta, com Milei liderando as intenções de voto e as campanhas trocando acusações, enquanto escândalos políticos e a instabilidade econômica influenciam o clima eleitoral.","Analistas alertam que o cenário pode mudar rapidamente, devido à volatilidade dos fatores que afetam o comportamento dos eleitores e o resultado final da eleição."
2167,neutro,neutro,neutro,neutro,neutro,neutro,neutro,neutro,neutro,neutro,"A manchete destaca uma alta modesta na inflação mensal e uma inflação acumulada de 12 meses que ainda está dentro do intervalo de meta, o que gera uma emoção neutra, pois não é uma informação que induza uma reação emocional forte. O f1 também é neutro, pois apresenta dados factuais e esperados sobre a inflação, sem indicar uma situação extremamente positiva ou negativa. O f2 apresenta uma mistura de dados neutros e negativos, com altas em setores importantes como transporte e habitação, mas também queda em alimentação e bebidas, levando a uma emoção neutra, pois não há uma clara dominação de sentimentos. O f3 é neutro, pois é uma explicação técnica sobre como o índice é calculado, sem qualquer carga emocional.","IPCA de setembro tem alta de 0,26%; inflação acumulada de 12 meses avança para 5,19%","O IPCA, índice oficial de inflação do Brasil, fechou setembro com alta de 0,26%, abaixo das expectativas do mercado, e acumula 3,50% no ano e 5,19% nos últimos 12 meses.","A variação foi influenciada pelo aumento nos preços de transporte, especialmente gasolina, e pela alta em habitação, enquanto o grupo de alimentação e bebidas apresentou queda pelo quarto mês consecutivo.","O cálculo do índice é realizado com base em uma amostra de cerca de 400 itens, ponderados de acordo com os gastos das famílias brasileiras, refletindo a variação média dos preços ao longo do tempo."
2173,alegria,positivo,alegria,positivo,alegria,positivo,alegria,positivo,alegria,positivo,"A manchete expressa uma expectativa de melhoria na qualidade de vida financeira do brasileiro, o que sugere alegria e polaridade positiva. O f1 detalha as propostas do Marco das Garantias, destacando benefícios como redução de custos de financiamento e facilitação de acesso ao crédito, também sugerindo alegria e polaridade positiva. O f2 reforça a ideia de correção de distorções no mercado financeiro e a ampliação do uso de garantias, indicando novamente alegria e polaridade positiva. O f3 menciona experiências internacionais bem-sucedidas e o potencial de transformação do mercado de crédito no Brasil, o que sugere alegria e polaridade positiva. A emoção geral da notícia também é alegria, com uma polaridade positiva, devido ao enfoque em benefícios e melhorias esperadas.",Como o Marco das Garantias pode melhorar o poder de compra do brasileiro e sua relação com dinheiro,"O Marco das Garantias propõe modernizar a legislação brasileira para permitir que bens como imóveis e automóveis sejam utilizados como garantia em múltiplas operações de crédito, reduzindo os custos de financiamento e facilitando o acesso ao crédito.","Essa mudança visa corrigir distorções no mercado, como as altas taxas de juros no crédito pessoal e rotativo, que atingem até 400% ao ano, e ampliar o uso de garantias para estimular a economia.","Com experiências internacionais bem-sucedidas, a iniciativa tem potencial para transformar o mercado de crédito no Brasil, promovendo maior inclusão financeira e redução do endividamento excessivo."
2196,neutro,neutro,medo,negativo,neutro,neutro,medo,negativo,medo,negativo,"A manchete expressa uma possibilidade de votação breve, sugerindo ótimas expectativas. F1 introduz um elemento de incerteza com a possível adiação e uma contraproposta, indicando uma emoção de medo. F2 detalha as propostas e ajustes, mantendo um tom neutro devido à informação objetiva. F3 reforça a incerteza e a continuidade do debate, sugerindo medo. O contexto geral sugere uma expectativa cautelosa, dominando a emoção de medo e polaridade negativa.",PL das Offshores: Lira diz que analisa proposta do governo e votação pode ocorrer em breve,"O presidente da Câmara, Arthur Lira, afirmou que a votação do PL das Offshores pode ser adiada, devido à análise de uma contraproposta do governo sobre os Juros sobre Capital Próprio (JCP).","O relator do projeto, Pedro Paulo, manteve itens essenciais e propôs ajustes na tributação, mas ainda discute mudanças que podem afetar a arrecadação prevista de R$ 7 bilhões para 2024.","Lira destacou que a votação não está garantida para esta semana e que o debate sobre o tema continua, enquanto também comentou sobre a expectativa de sua indicação à presidência da Caixa Econômica Federal."
2211,alegria,positivo,medo,negativo,neutro,neutro,neutro,neutro,medo,negativo,"A manchete indica uma geração de empregos no Brasil, o que é geralmente positivo, mas a queda na geração de empregos em relação ao ano anterior, como descrito em f1, introduz um sentimento de medo ou cautela devido à incerteza econômica. f2 apresenta informações neutras sobre a projeção de empregos, equilibrando a notícia. f3 esclarece que os dados são limitados ao mercado formal, o que é neutro em termos de emoção, mas importante para entender o contexto completo. A emoção geral é de medo, devido à queda na geração de empregos.","Brasil cria 220,8 mil vagas formais de trabalho no mês de agosto","Em agosto de 2023, a economia brasileira gerou 220,844 mil postos de trabalho com carteira assinada, representando uma queda de 23,33% em relação ao mesmo período do ano anterior.","No primeiro semestre, foram criadas cerca de 1 milhão de vagas, embora o governo projete um saldo próximo de 2 milhões ao final do ano.","Os dados do Caged refletem apenas o mercado formal e são utilizados para monitorar a geração de empregos e orientar políticas públicas, diferindo das informações mais abrangentes do IBGE que incluem trabalhadores informais e desalentados."
2231,neutro,neutro,alegria,positivo,surpresa,neutro,neutro,neutro,neutro,neutro,"A manchete apresenta uma proposta governamental que pode ser vista como positiva para a sociedade em geral, devido à tentativa de reduzir desigualdades e promover justiça fiscal. No entanto, é uma informação neutra em termos de mercado financeiro. O f1 reflete uma posição alinhada com a proposta governamental, gerando uma emoção de alegria e polaridade positiva devido ao apoio a medidas que podem ser benéficas para a redistribuição de renda. O f2 traz um elemento de surpresa, pois o presidente do BC confirma ter offshores, mas minimiza o impacto ao afirmar que não os movimentou e que a questão foi resolvida judicialmente, o que pode gerar uma emoção de surpresa com polaridade neutra, já que não há informação clara de impacto negativo ou positivo no mercado. O f3 transmite uma informação neutra sobre a política monetária e o processo de desinflação em andamento, sugerindo estabilidade e continuidade nas ações do Banco Central.",Campos Neto diz ser favorável a tributacão de super-ricos em audiência na Câmara,"O presidente do Banco Central, Roberto Campos Neto, manifestou-se favorável à tributação de super-ricos, offshores e fundos exclusivos, alinhando-se às propostas do governo Lula.","Ele confirmou possuir offshores há mais de 20 anos, mas afirmou que nunca movimentou esses fundos e que a questão já foi resolvida judicialmente.","Campos Neto também destacou que o processo de desinflação está em andamento no Brasil, com o BC adotando uma política monetária contracionista e sinalizando novos cortes na taxa de juros."
2232,medo,negativo,medo,negativo,medo,negativo,medo,negativo,medo,negativo,"A manchete transmite uma incerteza sobre o futuro dos juros, sugerindo que podem ainda subir, o que gera uma emoção de medo e uma polaridade negativa. F1 confirma essa incerteza, mencionando riscos de alta para a inflação e dificuldades em previsões, reforçando o medo e a polaridade negativa. F2 destaca fatores externos que complicam ainda mais a previsão econômica, mantendo a emoção de medo e a polaridade negativa. F3 apresenta uma postura firme do BCE em manter a estabilidade de preços, o que pode gerar tanto medo quanto confiança, mas predomina o medo devido às incertezas mencionadas, mantendo a polaridade negativa. No geral, a emoção dominante é medo e a polaridade é negativa.","Juros 'não necessariamente' atingiram pico na zona do euro, diz dirigente do BCE","O dirigente do Banco Central Europeu, Frank Elderson, afirmou que os juros na zona do euro podem ainda não ter atingido o pico, devido às incertezas econômicas e riscos de alta para a inflação.","Ele destacou que fatores como preços de energia, alimentos e mudanças climáticas podem influenciar a inflação de longo prazo, dificultando previsões precisas.","Elderson reforçou que o BCE manterá uma política monetária restritiva para garantir a estabilidade de preços, independentemente de possíveis desacelerações econômicas."
2236,neutro,neutro,neutro,neutro,alegria,positivo,medo,positivo,alegria,positivo,"A manchete indica um evento importante, mas é neutra, pois não transmite sentimento ou expectativa específica. A f1 apresenta informações factuais sobre a audiência, sem emoções claras, portanto é neutra. A f2 contém uma emoção de alegria, pois a manutenção da redução da Selic sugere uma perspectiva otimista para a economia, e a polaridade é positiva. A f3 aborda a importância das metas fiscais para a credibilidade e estabilidade econômica, o que pode gerar uma sensação de medo em relação à possível desestabilização caso essas metas não sejam cumpridas, mas a polaridade é positiva devido ao foco na preservação da credibilidade e recuperação econômica. No geral, a notícia tende a ser positiva, com uma mistura de neutro e medo.",Presidente do BC participa de audiência pública em comissão da Câmara nesta quarta,"O presidente do Banco Central, Roberto Campos Neto, participará de audiência na Câmara dos Deputados para explicar a queda de juros e um erro contábil no fluxo cambial divulgado em janeiro.","O Comitê de Política Monetária (Copom) anunciou a manutenção da redução da Selic em 0,5 ponto percentual, chegando a 12,75% ao ano, e considerou pouco provável uma aceleração do ritmo de cortes.","Os membros do BC ressaltaram a importância de manter as metas fiscais para preservar a credibilidade, evitar que mudanças nas metas prejudiquem a trajetória de queda dos juros e contribuam para a recuperação econômica."
2270,medo,negativo,medo,negativo,alegria,positivo,alegria,positivo,medo,neutro,"A manchete reflete uma ação do governo que implica em mudanças nas tarifas de importação, o que pode gerar uma reação de medo em relação às possíveis repercussões no mercado. F1 continua a emoção de medo ao detalhar o aumento das tarifas, enquanto F2 e F3 apresentam a justificativa e os objetivos da medida, o que pode ser interpretado como uma tentativa de transmitir alegria e confiança na proteção e fortalecimento da indústria nacional, embora também contenha elementos de medo devido ao contexto de protecionismo e competição internacional.",Governo antecipa fim da redução da tarifa de importação de 12 produtos de aço,"A Camex anunciou o fim da redução da tarifa de exportação de 12 produtos siderúrgicos, que passará a valer a partir de 1º de outubro com taxas entre 9,6% e 12,8%.","A medida foi adotada para proteger a indústria nacional de aço diante do aumento das importações a preços desleais, em resposta às políticas restritivas de outros países.","Segundo o governo, a decisão busca tornar o aço brasileiro mais competitivo no mercado interno e fortalecer a indústria local."
2272,alegria,positivo,alegria,positivo,alegria,positivo,alegria,positivo,alegria,positivo,"A manchete expressa alegria, com crescimento econômico e aumento do índice IBC-Br, refletindo uma situação positiva. F1 segue com alegria, reiterando o crescimento econômico com dados específicos de alta no índice. F2 também expressa alegria ao indicar que o resultado superou expectativas e aponta crescimento nos últimos 12 meses. F3, finalmente, demonstra alegria ao destacar a recuperação da atividade econômica e o melhor resultado desde abril de 2023. A emoção geral da notícia é alegria devido ao contexto geral de crescimento e superação de expectativas.","IBC-Br: prévia do PIB sobe 0,44% em julho e atinge maior nível desde abril","O Índice de Atividade Econômica do Banco Central (IBC-Br) registrou alta de 0,44% em julho, indicando crescimento econômico no mês.","O resultado ficou acima das expectativas do mercado financeiro e marcou o segundo mês consecutivo de avanço após uma queda em maio, com aumento de 3,12% nos últimos 12 meses.","O índice serve como uma prévia do PIB e aponta uma recuperação da atividade econômica brasileira, com o melhor resultado desde abril de 2023."
2273,tristeza,negativo,tristeza,negativo,tristeza,negativo,tristeza,negativo,tristeza,negativo,"A manchete apresenta uma perspectiva negativa, com a palavra-chave 'pessimista' indicando uma forte crença no fracasso do governo em atingir sua meta fiscal. Isso reflete uma emoção de tristeza e uma polaridade negativa. No f1, a expectativa de que a meta não será atingida reforça a tristeza, com uma forte carga negativa. O f2 menciona propostas de aumento de receitas, mas mesmo assim a maioria do mercado acredita que a meta não será cumprida, mantendo a emoção de tristeza e a polaridade negativa. O f3 destaca a dificuldade do governo em avançar com reformas, o que reforça a emoção de tristeza e a polaridade negativa, devido à expectativa de fracasso nas metas fiscais.","Para 95% do mercado, governo não vai conseguir zerar déficit em 2024, aponta pesquisa Genial/Quaest","O mercado financeiro mantém uma postura pessimista em relação à meta do governo de zerar o déficit público em 2024, com 95% dos agentes acreditando que ela não será atingida.","Apesar das propostas de aumento de receitas, como a taxação de fundos exclusivos e o fim da dedutibilidade dos juros sobre capital próprio, a maioria espera que o governo não consiga cumprir a meta fiscal, que possui uma banda de tolerância de até 0,25% do PIB.","Além disso, há uma expectativa de que o Congresso não avance significativamente nas reformas tributária e administrativa até o final do ano, dificultando o cumprimento das metas fiscais estabelecidas pelo governo."
2280,neutro,neutro,neutro,neutro,alegria,positivo,medo,negativo,neutro,neutro,"A manchete demonstra um sentimento de Neutro, pois informa de maneira objetiva uma declaração da Janet Yellen, sem expressar otimismo ou pessimismo exacerbado. No f1, há uma emoção de Neutro, pois a declaração é informativa e objetiva, sem especulações ou opiniões fortes. No f2, a emoção é de Alegria, pois Yellen expressa confiança na redução da inflação e na força do consumo e das empresas, o que indica uma perspectiva otimista e positiva. No f3, a emoção é de Medo, pois Yellen alerta para riscos econômicos como a escalada dos preços do petróleo e a possibilidade de shutdown, o que gera incerteza e cautela. O rótulo geral da notícia é Neutro, pois apesar de conter elementos de alegria e medo, a notícia como um todo transmite informações factuais e objetivas, sem uma carga emocional dominante.","Yellen reconhece desaceleração dos EUA, mas diz não ver sinais de crise econômica a caminho","Janet Yellen reconheceu que a economia dos Estados Unidos está em desaceleração, mas afirmou que não há sinais de crise e que o mercado de trabalho permanece saudável.","Ela destacou que o aperto monetário do Federal Reserve já afeta setores como o imobiliário, mas o consumo e as empresas continuam fortes, além de acreditar na redução da inflação.","Yellen também alertou para riscos como a escalada dos preços do petróleo e a possibilidade de shutdown, defendendo a necessidade de o Congresso evitar a paralisação do governo para evitar impactos econômicos."
2282,alegria,positivo,alegria,positivo,alegria,positivo,alegria,positivo,alegria,positivo,"A manchete expressa ótimas expectativas com o lançamento do PAC, focando na atração de investimentos estrangeiros, o que indica uma perspectiva positiva. O f1 detalha a apresentação do programa, destacando oportunidades de investimento, o que também é positivo, pois sinaliza crescimento e confiança no mercado. No f2, a ministra reforça a importância da cooperação internacional, sem indicar riscos ou problemas, mantendo o tom positivo. O f3 destaca a previsibilidade, essencial para atrair investidores, o que também reforça a confiança e a perspectiva de crescimento, alinhando-se com a emoção de alegria. Portanto, a emoção geral da notícia é de alegria e a polaridade é positiva.",Governo apresenta novo PAC a embaixadores e cita importância de investimentos estrangeiros,"O governo de Luiz Inácio Lula da Silva promoveu uma reunião com embaixadores no Itamaraty para divulgar as oportunidades de investimentos no novo Programa de Aceleração do Crescimento (PAC), lançado em agosto com uma carteira de R$ 1,7 trilhão, em sua maioria privados.","Durante o evento, a ministra substituta das Relações Exteriores destacou a importância da integração internacional e da atração de investimentos estrangeiros para o desenvolvimento do país, enfatizando a necessidade de cooperação com países vizinhos.",O representante da Casa Civil reforçou que a previsibilidade é fundamental para atrair investidores e facilitar a participação de empresas estrangeiras em projetos e leilões do programa.
2291,surpresa,neutro,neutro,neutro,medo,negativo,alegria,positivo,alegria,positivo,"A manchete indica surpresa, pois questiona a capacidade dos economistas de prever o PIB, destacando o crescimento inesperado. F1 apresenta uma polaridade neutra, pois discute o crescimento acima do esperado sem expressar opinião direta. F2 traz uma emoção de medo, pois a dificuldade em prever mudanças estruturais na economia gera incerteza. F3, por sua vez, tem uma emoção de alegria, pois as reformas e melhorias no ambiente de negócios são vistas como positivas e promissoras. No geral, a notícia reflete uma transição positiva apesar das incertezas e dificuldades iniciais.",Por que os economistas estão errando o PIB?,"O IBGE divulgou um crescimento de 0,9% do PIB no 2º trimestre de 2023, acima das estimativas do mercado, refletindo possíveis limitações dos modelos econômicos tradicionais diante de mudanças estruturais na economia brasileira.","A evolução tecnológica, a diversificação dos profissionais de economia e as transformações no agronegócio têm dificultado a precisão das projeções, especialmente em contextos de “quebra estrutural” e mudanças na composição do PIB.","Apesar das dificuldades, as reformas em andamento estão promovendo melhorias no ambiente de negócios, indicando um momento de transição para uma economia mais robusta e diversificada."
2302,neutro,neutro,neutro,neutro,medo,negativo,medo,negativo,medo,negativo,"A manchete sugere uma postura cautelosa e dependente de dados do BCE, indicando possível ajuste de juros, o que caracteriza uma emoção de neutro devido à falta de uma direção clara e forte. f1 confirma essa abordagem, destacando a incerteza e a necessidade de análise de dados, o que mantém a emoção neutra. f2 introduz uma emoção de medo ao mencionar os impactos negativos das políticas de juros restritivas sobre a economia, como desaceleração no mercado de trabalho e no setor de serviços. f3 reforça a postura de cautela e a dependência de dados, mas menciona riscos de desaceleração global, o que mantém a emoção geral de medo devido à incerteza e volatilidade do mercado. O geral é medo, pois apesar da postura neutra do BCE, há uma preocupação clara com os impactos negativos das políticas de juros atuais.","BCE não está necessariamente no pico de juros e segue dependente de dados, diz Lagarde","A presidente do Banco Central Europeu, Christine Lagarde, afirmou que a taxa de juros na zona do euro pode ainda não ter atingido seu pico, ressaltando a necessidade de avaliar os dados e projeções.","Ela destacou que o nível atual de juros busca conter a inflação e que as condições financeiras mais restritivas já impactam o crescimento econômico, com sinais de desaceleração no mercado de trabalho e no setor de serviços.","Lagarde reforçou a postura dependente de dados do BCE, indicando a possibilidade de pausa no aperto monetário e mantendo a expectativa de crescimento para 2024, embora advirtindo sobre riscos de desaceleração global."
2335,neutro,neutro,neutro,neutro,neutro,positivo,medo,negativo,neutro,neutro,"A manchete é neutra, pois apenas informa sobre o Fundo de Participação dos Municípios (FPM), sem expressar qualquer sentimento ou opinão. O f1 também é neutro, pois apresenta uma explicação factual e técnica sobre como o FPM é calculado e gerenciado. O f2 possui uma polaridade positiva devido ao aumento progressivo do percentual de repasse ao FPM, o que reflete uma melhoria na alocação de recursos e é uma informação positiva para os municípios. O f3 apresenta uma polaridade negativa, pois menciona a demanda dos prefeitos por mais recursos e a questão dos atrasos nos pagamentos, o que gera incerteza e frustração. A emoção geral da notícia é neutra, pois apesar do conteúdo negativo no f3, a notícia como um todo foca em informações factuais e não expressa claramente uma emoção dominante.",Entenda o que é o Fundo de Participação dos Municípios,"O Fundo de Participação dos Municípios (FPM) é uma verba federal destinada a cidades brasileiras, calculada com base na arrecadação do Imposto de Renda e do IPI, e controlada pelo Ministério da Fazenda.","Desde sua criação em 1965, o percentual de repasse aumentou de 10% para 25,5%, com previsão de atingir esse valor até 2025 conforme emenda constitucional de 2021.","Em 2023, os prefeitos reivindicam aumento de 1,5% no fundo e a pontualidade nos pagamentos, que têm sofrido atrasos, enquanto o governo federal não se manifestou sobre as demandas até o momento."
2338,alegria,positivo,alegria,positivo,neutro,neutro,neutro,neutro,alegria,positivo,"A manchete expressa uma emoção de alegria, pois indica um crescimento significativo no superavit da balança comercial brasileira, que é um indicador positivo para a economia do país. O f1 também transmite alegria ao destacar o crescimento das exportações, especialmente no setor agrícola, reforçando o sucesso econômico. O f2 é neutro, pois apresenta informações factuais sobre a queda das importações e seu impacto no superavit, sem expressar uma emoção clara. O f3 é neutro, pois, apesar de sugerir um cenário positivo com a previsão de um recorde de superavit, a linguagem é informativa e não expressa uma emoção clara. O rótulo geral é de alegria, pois a notícia como um todo reflete um cenário econômico positivo, com crescimento no superavit e previsões favoráveis.",Balança comercial em agosto: superavit brasileiro sobe 137% em relação a 2022,"As exportações brasileiras em agosto cresceram 15,8% em relação ao ano anterior, atingindo 31,2 bilhões de dólares, impulsionadas principalmente pelo setor agrícola.","A forte queda nas importações, de 19,6%, contribuiu para um superávit de 9,8 bilhões de dólares, elevando o saldo da balança comercial.","A previsão do MDIC é de que o Brasil registre um recorde de superavit em 2023, de US$ 84,7 bilhões, devido à redução dos preços de commodities e à desaceleração econômica que diminui as importações."
2358,neutro,neutro,neutro,neutro,neutro,negativo,neutro,neutro,neutro,neutro,"A manchete indica uma estabilidade econômica com inflação e desemprego em níveis esperados ou melhores que o esperado, o que sugere uma emoção neutra com polaridade neutra. A primeira parte do texto reforça essa neutralidade ao destacar estabilidade e um recorde histórico positivo no desemprego. A segunda parte menciona a persistência da alta inflacionária, o que poderia indicar medo ou preocupação, mas foca em dados passados e objetivos, mantendo a polaridade negativa e a emoção neutra. A terceira parte volta a destacar a estabilidade no mercado de trabalho, o que sugere uma emoção neutra e polaridade neutra. No geral, a notícia apresenta uma visão equilibrada e factual, sem destacar uma emoção dominante clara, mantendo a polaridade neutra.","Inflação na zona do euro permanece em 5,3% e desemprego mantém menor índice histórico","A inflação na Eurozona permaneceu estável em 5,3% em agosto, acima das expectativas dos analistas, enquanto a taxa de desemprego atingiu 6,4%, seu menor índice histórico desde 1998.","Os dados refletem a persistência da alta inflacionária, que atingiu 10,6% em outubro de 2022 devido ao aumento dos preços do gás e petróleo causados pela guerra na Ucrânia.","Apesar disso, o mercado de trabalho mantém estabilidade, com o desemprego na zona do euro e na União Europeia permanecendo em 6,4% e 5,9%, respectivamente."
2359,alegria,positivo,alegria,positivo,medo,negativo,alegria,positivo,alegria,positivo,"A manchete expressa alegria com a confirmação do rating, sugerindo confiança no desempenho econômico. F1 continua com alegria, enfatizando os pontos fortes da economia chinesa. F2 apresenta uma perspectiva de medo, apontando riscos e desafios econômicos. F3 mostra uma visão otimista, com projeção de crescimento e uma visão de desacoplamento gradual, o que reflete alegria. Geralmente, a análise da Fitch traz uma perspectiva positiva, embora reconheça os riscos.","Fitch reafirma rating da China em A+, com perspectiva estável","A Fitch reafirmou o rating da China em A+ com perspectiva estável, destacando suas finanças externas fortes e o tamanho da economia como fatores de apoio.","A agência aponta riscos fiscais, de estabilidade macrofinanceira e setores endividados, além de uma desaceleração no crescimento e dificuldades no setor imobiliário que podem agravar os desafios econômicos.","Apesar disso, a Fitch projeta um crescimento médio de quase 5% ao ano nos próximos cinco anos e considera que o ritmo de desacoplamento com os EUA será gradual, mantendo o valor do mercado doméstico chinês para empresas globais."
2369,neutro,neutro,alegria,positivo,alegria,positivo,medo,positivo,alegria,positivo,"A manchete transmite uma informação neutra sobre o limite financeiro projetado pelo governo, sem expressar opinião ou especulação. A f1 enfatiza a importância do planejamento, indicando uma abordagem estratégica e positiva do governo. A f2 detalha os objetivos do plano, focando em metas sociais e ambientais positivas, o que sugere uma emoção de alegria devido ao otimismo em áreas prioritárias. A f3 reforça a transparência e a responsabilidade, o que é positivo, mas devido à menção da falta de punições, pode gerar uma leve emoção de medo relacionada à eficácia do plano. No geral, a notícia tende ao positivo, com um foco em planejamento, metas sociais e transparência.","Plano Plurianual 2024-2027: Governo projeta limite financeiro de R$ 13,3 trilhões para quatro anos","O Plano Plurianual 2024-2027, entregue ao Congresso, estabelece um limite financeiro de R$ 13,3 trilhões e busca reforçar o planejamento como estratégia central do governo.","O documento inclui metas e indicadores monitorados periodicamente, com foco em áreas como saúde, educação, meio ambiente e redução da pobreza, além de envolver ampla participação social na sua elaboração.","Apesar de não prever punições por descumprimento, o PPA visa promover maior transparência e responsabilidade na gestão dos recursos públicos, orientando as ações do governo até 2027."
2374,alegria,positivo,neutro,neutro,neutro,neutro,neutro,neutro,alegria,positivo,"A manchete apresenta uma informação positiva sobre a redução da Dívida Pública Federal, o que pode gerar um sentimento de alegria e confiança. No f1, os detalhes da redução, como resgates líquidos e correção de juros, são apresentados de forma neutra, apenas informando os fatos. O f2 também é neutro, pois descreve a mudança na composição dos títulos de dívida e a redução da dívida externa, sem expressar opinião ou especulação. No f3, o aumento do prazo médio e do custo médio em 12 meses é relatado de forma neutra, apesar de refletir ajustes na estrutura da dívida. No geral, a notícia é positiva, pois a redução da dívida pública e os ajustes na sua estrutura podem ser vistos como medidas positivas para a economia.","Dívida Pública Federal cai 0,80% e fecha julho em R$ 6,142 trilhões","O estoque da Dívida Pública Federal (DPF) caiu 0,80% em julho, encerrando o mês em R$ 6,142 trilhões, devido a resgates líquidos de R$ 92,68 bilhões e correção de juros de R$ 43,44 bilhões.","A dívida interna recuou 0,74%, enquanto a externa diminuiu 2,17%, e a composição dos títulos apresentou mudanças, com aumento na participação de títulos atrelados à Selic e redução nos prefixados.","O prazo médio da dívida aumentou para 4,06 anos, e o custo médio em 12 meses subiu para 10,07% ao ano, refletindo ajustes na estrutura da dívida pública."
2386,alegria,positivo,neutro,neutro,neutro,neutro,neutro,neutro,neutro,neutro,"A manchete indica uma medida econômica positiva que pode estimular a produção e a economia, refletindo alegria. f1 reforça essa medida com detalhes factuais, mantendo-se neutro. f2 menciona desafios internacionais, mas destaca a resiliência da economia francesa, indicando um sentimento geral de neutralidade. f3 apresenta medidas adicionais contra a inflação e compromissos ambientais, o que é positivo, mas com um contexto neutro. A emoção geral é neutra, pois a notícia transmite informações factuais e medidas positivas, mas não expressa fortes emoções.",França pretende cortar 1 bi de euros em impostos sobre produção em 2024,"O ministro da Economia da França, Bruno Le Maire, anunciou que o governo pretende reduzir em 1 bilhão de euros os impostos sobre a produção em 2024.","Ele afirmou que a economia francesa permanece resistente apesar do cenário internacional desafiador, incluindo a guerra na Ucrânia e seus impactos no setor de energia.","Le Maire destacou a necessidade de combater a inflação, especialmente no setor de serviços, e reforçou o compromisso da França de alcançar a neutralidade de carbono até 2045."
2392,alegria,positivo,neutro,neutro,alegria,positivo,surpresa,positivo,alegria,positivo,"A manchete expressa uma alegria mista com surpresa pela possível renegociação de uma dívida, o que pode ser visto como positivo para o BNDES. O f1 apresenta informações factuais sobre a negociação, com uma carga neutra, mas com implicações positivas para a estabilidade financeira do banco. O f2 revela uma postura de alegria e positividade, pois Mercadante busca condicionais favoráveis ao banco, como a redução de dividendos, alinhando-se às práticas internacionais. O f3 contém uma emoção de surpresa com uma carga positiva, pois Mercadante indica uma mudança benéfica na política de dividendos e na relação entre o BNDES e o Tesouro Nacional.","BNDES quer parcelar pagamento de parcela de R$ 24 bi ao Tesouro, diz Mercadante","O presidente do BNDES, Aloizio Mercadante, anunciou que negocia com o Ministério da Fazenda e o TCU a renegociação do pagamento de R$ 24 bilhões ao Tesouro Nacional, referente à última parcela de um acordo de devolução de R$ 69 bilhões.","Ele afirmou que busca parcelar esse valor e reduzir o pagamento de dividendos, destacando que o papel do banco não é financiar o Tesouro e que bancos de desenvolvimento no mundo pagam, no máximo, 25% de dividendos ao governo.","Mercadante também afirmou que o BNDES não pagava dividendos e que deseja separar a relação do Tesouro com o banco, buscando uma mudança nesse entendimento."
2417,neutro,neutro,neutro,neutro,alegria,positivo,neutro,neutro,neutro,neutro,"A manchete apresenta um fato neutro, descrevendo as atividades econômicas e diplomáticas de Alckmin sem emitir juízo. O f1 é neutro, relatando eventos factuais sem expressar emoção. O f2 apresenta uma visão positiva, com Alckmin destacando a necessidade de redução da taxa de juros para impulsionar a economia, o que gera expectativas positivas. O f3 é neutro, relatando presença em eventos relacionados ao setor automotivo e diplomacia com a China, sem expressar emoção ou opinião.","Com Lula na África, Alckmin foca em agenda econômica em SP e relação com a China","Durante a semana, o vice-presidente Geraldo Alckmin realizou uma série de eventos em São Paulo com foco em pautas econômicas e desenvolvimento regional, incluindo a participação na 24ª Conferência Santander e em cerimônias de renovação de frotas.","Além disso, Alckmin participou de reuniões em Brasília, como a Comissão Sino-Brasileira de Alto Nível de Concertação e Cooperação, onde destacou a necessidade de redução da taxa de juros para atrair investimentos e impulsionar o crescimento econômico do país.","O vice-presidente também esteve presente em eventos relacionados ao setor automotivo e às relações diplomáticas com a China, reforçando a importância de estratégias para fortalecer a economia brasileira."
2437,alegria,positivo,alegria,positivo,neutro,neutro,medo,negativo,medo,negativo,"A manchete expressa alegria devido ao aumento significativo do dólar blue, mas com uma polaridade positiva, pois indica uma movimentação de mercado. O f1 também expressa alegria com uma polaridade positiva, pois detalha a valorização do dólar blue como resultado das eleições, indicando uma dinâmica de mercado favorável. O f2 apresenta uma polaridade neutra, com emoção de neutro, pois é informativo e aborda medidas tomadas pelo Banco Central sem carga emocional clara. O f3, porém, reflete medo com uma polaridade negativa, pois a desvalorização do peso e a inflação geram incerteza e preocupação sobre a economia. Geralmente, a notícia apresenta uma emoção mista de alegria e medo, mas a polaridade geral é negativa devido aos impactos econômicos negativos descritos.",Efeito Milei: dólar blue bate 780 pesos na Argentina,"O dólar blue na Argentina atingiu 780 pesos nesta quarta-feira, acumulando alta de 28,9% desde o início da semana, impulsionada pelas eleições primárias que indicaram Javier Milei como favorito na corrida presidencial.","O Banco Central elevou o dólar oficial para 350 pesos e anunciou o travamento do câmbio até as eleições, além de reajustar a taxa de juros para 118% ao ano, o maior em 20 anos.",A escalada do dólar paralelo e a desvalorização do peso agravaram a inflação e aumentaram os preços de bens e serviços no país.
2466,surpresa,positivo,alegria,positivo,alegria,positivo,medo,negativo,alegria,positivo,"A manchete expressa uma surpresa, pois anuncia uma medida drástica e inesperada do Banco Central. O f1 traz uma emoção de alegria, pois indica uma possível redução drástica dos juros do cartão de crédito, o que é uma notícia positiva para os consumidores. O f2 também apresenta uma emoção de alegria, visto que a proposta visa reduzir a inadimplência, um problema grave, e evitar financiamentos de longo prazo sem juros, o que é benéfico para o mercado. O f3, entretanto, apresenta um medo, pois alerta que a limitação das taxas poderia resultar na retirada dos cartões de circulação para clientes de maior risco, o que gera incerteza e preocupação. A emoção geral é de alegria, pois a proposta principal é vista como positiva e benéfica para os consumidores, apesar das preocupações levantadas.","BC estuda acabar com o rotativo do cartão de crédito, que hoje é de 454% ao ano","O presidente do Banco Central, Roberto Campos Neto, anunciou que a autoridade estuda propor ao Legislativo a extinção do rotativo do cartão de crédito, atualmente com taxa de 454% ao ano, substituindo-o por um parcelamento com juros de cerca de 9%.","Ele destacou que essa mudança visa reduzir a inadimplência elevada de 52% no rotativo, que é considerada um problema grave no Brasil, e evitar que os consumidores recorram a financiamentos de longo prazo sem juros.","Campos Neto também mencionou a possibilidade de limitar a taxa do cartão, mas alertou que essa medida poderia levar bancos a retirarem os cartões de circulação para os clientes de maior risco."
2477,alegria,positivo,alegria,positivo,alegria,positivo,alegria,positivo,alegria,positivo,"A manchete transmite uma informação sobre uma ação governamental positiva, com potencial de gerar crescimento e superação de expectativas na região amazônica, o que sugere uma emoção de alegria e polaridade positiva. O parágrafo f1 detalha os investimentos e redução nas taxas de juros, reforçando o otimismo e confiança nas políticas, indicando alegria e polaridade positiva. O parágrafo f2 amplia essa visão, incluindo medidas de sustentabilidade e apoio às mulheres, o que continua a refletir uma perspectiva positiva e de alegria. O parágrafo f3 menciona a recepção positiva das ações pelo movimento social, reiterando a emoção de alegria e polaridade positiva. De maneira geral, a notícia é predominantemente positiva e reflete uma emoção de alegria.",Governo lança Plano Safra para agricultura familiar da Amazônia,"O governo federal lançou o Plano Safra da Agricultura Familiar na Amazônia, com investimentos de R$ 71,6 bilhões e redução nas taxas de juros para estimular a produção regional.","As medidas incluem incentivos à produção sustentável, ampliação do microcrédito e apoio às mulheres do campo, buscando atender às demandas específicas da região.","O movimento social recebeu positivamente as ações, considerando-as uma conquista que deve ser prioritária na implementação."
2485,surpresa,neutro,neutro,neutro,neutro,neutro,neutro,neutro,neutro,neutro,"A manchete expressa expectativa e possibilidade de mudança na política monetária, o que pode gerar surpresa ou expectativa positiva no mercado financeiro. No f1, há uma confirmação de expectativa de corte na taxa Selic, o que reflete uma emoção neutra, pois é uma informação técnica e esperada. O f2 detalha os motivos técnicos para a manutenção do ritmo de corte, reforçando uma visão positiva da política monetária, o que também resulta em uma emoção neutra. O f3 reafirma a continuidade do ajuste da taxa Selic conforme o cenário econômico, o que é uma informação rotineira e neutra.","Para onde vai a taxa Selic? BC sinaliza novo corte de 0,5 p.p em setembro","Apesar da decisão dividida do Copom na terça-feira, os diretores do Banco Central afirmaram que o próximo corte de juros deve ser de 0,5 ponto percentual, levando a Selic para 12,75% ao ano.","A melhora do quadro inflacionário e a queda das expectativas de inflação foram fatores que motivaram a decisão de manter o ritmo de redução, reforçando a política monetária contracionista.","A taxa Selic, que orienta os juros no Brasil e é utilizada pelo BC para combater a inflação, continuará sendo ajustada conforme o cenário econômico e as metas do Conselho Monetário Nacional."
2499,alegria,positivo,neutro,neutro,alegria,positivo,alegria,positivo,alegria,positivo,"A manchete expressa alegria por permitir ajustes no arcabouço fiscal, indicando uma postura positiva da Câmara dos Deputados. O f1 apresenta uma postura neutra, com Arthur Lira informando sobre a liberdade do Senado para alterar o projeto e estabelecendo um prazo, sem emitir opinião. O f2 reflete alegria, pois Lira destaca a importância do projeto e elogia a postura do ministro Haddad, reforçando um sentimento de confiança e aprovação. O f3 também apresenta alegria, focando na importância do projeto para responsabilidade fiscal e social, e na necessidade de ajustes para cumprir metas de inflação, o que gera otimismo. A emoção geral da notícia é alegria, com uma polaridade positiva, pois enfatiza a possibilidade de melhoria e confiança no projeto fiscal.",Câmara dos Deputados permite ajustes no arcabouço fiscal após aprovação,"O presidente da Câmara dos Deputados, Arthur Lira, afirmou que o Senado terá liberdade para fazer alterações no projeto do arcabouço fiscal, enviado após aprovação na Câmara em maio, e que a Casa terá até 31 de agosto para analisá-lo.","Lira destacou que a Câmara deve focar nas modificações feitas pelo Senado, pois o restante do projeto já está em ordem, e elogiou a postura do ministro Fernando Haddad na negociação do texto.","Ele reforçou a importância do projeto para garantir responsabilidade fiscal e social, ressaltando a necessidade de ajustes para cumprir a meta de inflação."
2557,neutro,neutro,neutro,neutro,neutro,neutro,neutro,neutro,neutro,neutro,"A manchete expressa uma medida governamental que pode ser vista como positiva para o aumento das receitas públicas, mas carrega uma emoção de neutro, pois não indica claramente uma emoção específica. O f1 mantém a emoção neutra ao detalhar a medida econômica e suas intenções sem demonstrar opinião ou especulação. O f2 introduz uma medida que também visa aumentar a arrecadação, mas é descrita de forma neutra. O f3 continua com a mesma emoção neutra ao mencionar resistências anteriores e planos futuros, focando em informações factuais. Portanto, o rótulo geral é neutro, pois a notícia transmite informações factuais e rotineiras, sem carga emocional ou opinativa.",Governo fará projeto de lei para taxar fundos de investimentos de super-ricos,"O ministro da Fazenda, Fernando Haddad, anunciou que enviará ao Congresso um projeto de lei para tributar fundos de investimento exclusivos, como parte de um pacote de medidas econômicas previsto para agosto, visando aumentar as receitas públicas e cumprir a regra fiscal de déficit zero em 2024.","Além disso, o governo criou uma Secretaria de Apostas e Loterias e planeja tributar as apostas esportivas online, com previsão de arrecadação de pelo menos R$ 12 bilhões, por meio de uma alíquota de 16% sobre a receita bruta e Imposto de Renda de 30% sobre os prêmios.","As iniciativas buscam ampliar a arrecadação, enfrentando resistência anterior, e fazem parte de esforços para fortalecer as receitas do país e impulsionar o crédito, com a votação do marco de garantias prevista para agosto na Câmara."
2621,alegria,positivo,neutro,positivo,alegria,positivo,neutro,positivo,alegria,positivo,"A manchete expressa uma busca ativa do governo por apoio, o que sugere um esforço para aprovação de uma medida importante, gerando uma expectativa positiva. F1 detalha esse esforço, reforçando uma postura proativa e de negociação, o que é positivo e neutro em termos de emoção. F2 adiciona um componente de otimismo e previsão positiva sobre o avanço de pautas econômicas, incluindo a reforma tributária, indicando uma emoção de alegria e uma polaridade positiva. F3 continua com um relato positivo sobre os avanços nas negociações e a expectativa de retomada dos trabalhos legislativos, mantendo a emoção neutra e a polaridade positiva. A emoção geral da notícia é de alegria, refletindo um sentimento de otimismo e expectativa positiva quanto ao futuro das reformas econômicas.","Governo busca o maior apoio possível para a aprovação da reforma tributária, diz Haddad","O ministro da Fazenda, Fernando Haddad, afirmou que o governo busca apoio para aprovar a reforma tributária na Câmara dos Deputados e destacou a realização de reuniões com líderes para esclarecer dúvidas sobre o projeto.","Ele manifestou otimismo quanto ao avanço da pauta econômica, incluindo a reforma tributária, o arcabouço fiscal e o voto de qualidade do Carf, prevendo votações ainda nesta semana.","Haddad também relatou ao presidente Lula os avanços nas negociações e a expectativa de retomar os trabalhos legislativos em agosto, após o recesso."
2626,neutro,neutro,neutro,neutro,neutro,neutro,neutro,neutro,neutro,neutro,"A manchete expressa uma questão sobre a possível subida de preços de produtos como cerveja e cigarro, o que pode gerar tanto Medo quanto Surpresa, mas o contexto geral sugere que é mais uma informação neutra para os leitores. f1 apresenta fatos e informações sobre a criação do imposto seletivo, classificando-o como neutro. f2 descreve os objetivos da reforma tributária, incluindo a compensação de receita e a manutenção de recursos para setores específicos, mantendo o caráter informativo e neutro. f3 informa sobre a cronologia da implementação da reforma, com datas e etapas claras, sem expressar emoção ou polaridade significativa.",Reforma tributária: cerveja e cigarro podem ficar mais caros? Entenda o que será o imposto,"A proposta de reforma tributária no Brasil inclui a criação do imposto seletivo (IS) para substituir o IPI, incidindo sobre produtos prejudiciais à saúde e ao meio ambiente, como agrotóxicos, cigarros e bebidas alcoólicas.","O novo tributo visa compensar a redução de receita com a extinção do IPI e manter recursos para setores como a Zona Franca de Manaus, enquanto busca simplificar o sistema de impostos do país.","A implementação total do novo modelo está prevista para 2033, com início das mudanças em 2026, após aprovação em dois turnos na Câmara dos Deputados."
2630,neutro,neutro,neutro,neutro,surpresa,negativo,neutro,negativo,surpresa,negativo,"A manchete reflete uma ação política, marcando uma audiência, o que é neutro em termos de emoção. f1 confirma a manchete, mantendo um tom neutro ao informar o agendamento da audiência. f2 revela a mobilização de políticos, o que indica uma reação de surpresa ao movimento político inesperado e uma polaridade negativa devido à crítica à política monetária. f3 contextualiza o motivo dessa mobilização, mantendo uma emoção neutra, mas a polaridade negativa continua presente devido à crítica subjacente à autonomia do Banco Central. No geral, a notícia apresenta uma polaridade negativa com a emoção dominante de surpresa.","Audiência do Senado com Campos Neto será em 3 de agosto, diz Lindbergh após reunião com Pacheco","O presidente do Senado, Rodrigo Pacheco, agendou para 3 de agosto uma audiência com o presidente do Banco Central, Roberto Campos Neto.","A reunião foi marcada após uma mobilização de políticos governistas e opositores, que entregaram um pedido por escrito para que o Senado investigue a política monetária e pressionem por uma redução na taxa de juros.","O Senado é o palco preferencial para esse tipo de pressão devido à autonomia do Banco Central, que exige aprovação da Casa para a deposição de seus dirigentes."
2642,medo,negativo,medo,negativo,medo,negativo,medo,negativo,medo,negativo,"A manchete expressa uma disputa regional, sugerindo tensão e incerteza, o que pode ser interpretado como medo. A f1 apresenta um conflito entre governadores, indicando uma situação de disputa e incerteza, característico do medo. A f2 detalha a proposta e as discordâncias, reforçando o sentimento de medo devido à incerteza sobre critérios e gestão. A f3 mostra a pressão por mudanças, evidenciando a disputa e a busca por equilíbrio, novamente sugerindo medo. No geral, a emoção dominante é o medo devido à incerteza e disputa.",Reforma tributária: debate sobre ICMS vira disputa entre Nordeste e bloco Sul-Sudeste,"A votação da reforma tributária em plenário deve ocorrer ainda nesta semana, mas enfrenta resistência de governadores do Sul, Sudeste e Mato Grosso do Sul, que questionam a divisão do Fundo de Desenvolvimento Regional.","A proposta prevê a criação de um fundo que beneficiaria principalmente estados menos favorecidos, como os do Nordeste, o que gera discordâncias sobre critérios de distribuição e autonomia dos estados na gestão dos recursos.","Governadores do bloco Sul-Sudeste pressionam por uma repartição proporcional à população e por maior autonomia na administração do fundo, enquanto o governo busca equilibrar interesses regionais na proposta."
2661,medo,negativo,medo,negativo,medo,negativo,medo,negativo,medo,negativo,"A manchete expressa uma dúvida, sugerindo um sentimento de incerteza e cautela, o que está associado ao medo. O f1 explica os possíveis impactos negativos da Reforma Tributária para estados e municípios, indicando medo de perda de arrecadação. O f2 apresenta uma tentativa de compensação pelas perdas, mas enfrenta resistência, o que pode gerar tanto medo quanto raiva; a emoção dominante aqui é o medo devido à incerteza e possível insuficiência das medidas compensatórias. O f3 traz uma visão mista, com argumentos positivos sobre o crescimento econômico, mas também alertas sobre desigualdades, resultando em uma polaridade geral negativa devido ao foco nas possíveis desigualdades. No geral, a notícia tem uma polaridade negativa e emoção de medo, devido à incerteza e possíveis impactos negativos para estados e municípios.",Reforma Tributária: estados e municípios vão perder?,"A proposta de Reforma Tributária busca unificar a cobrança do ICMS e do ISS, transferindo a arrecadação para o destino do consumo e eliminando benefícios fiscais, o que pode afetar especialmente estados e municípios com menor atividade econômica.","Para compensar possíveis perdas de arrecadação, foram criados fundos de desenvolvimento regional e de benefícios fiscais, cuja implementação enfrenta resistência de governos locais, especialmente da Zona Franca de Manaus.","Economistas argumentam que a reforma pode impulsionar o crescimento econômico ao corrigir distorções, embora alguns alertem para desigualdades na distribuição de ganhos e perdas entre diferentes regiões e municípios."
2669,medo,negativo,medo,negativo,medo,negativo,medo,negativo,medo,negativo,"A manchete expressa incerteza econômica, sugerindo medo devido à imprevisibilidade das taxas de juros. O f1 reforça essa incerteza e o foco na inflação, indicando medo. O f2 menciona o atraso nos efeitos do aumento de juros, o que pode gerar medo de novas incertezas. O f3 discute a crise bancária e as falências, mas com um tom de determinação do Fed em estabilizar o sistema, o que pode ser neutro ou gerar medo pelo contexto de crise. A emoção geral da notícia é medo devido à incerteza e preocupações econômicas.","Decisões sobre taxas de juros dependerão da economia, que é incerta, diz Powell","Jerome Powell, presidente do Federal Reserve, afirmou que as decisões sobre o aperto monetário dependerão da evolução incerta da economia e serão tomadas de forma gradual, com o objetivo de reduzir a inflação para 2%.","Ele destacou que os efeitos do aumento de 5 pontos percentuais na taxa de juros, realizado em pouco mais de um ano, ainda estão por ser sentidos na atividade econômica e na inflação.","Powell também comentou sobre a crise bancária nos EUA, atribuindo as falências ao gerenciamento de juros inadequado e depósitos não segurados, e reforçou o compromisso do Fed em estabilizar o sistema financeiro e aprimorar a regulação."
2673,medo,negativo,medo,negativo,neutro,neutro,neutro,neutro,medo,negativo,"A manchete expressa uma solicitação da ministra Simone Tebet, indicando preocupação e necessidade de ação. O f1 detalha a ameaça de cortes orçamentários, gerando uma sensação de urgência e alerta, enquanto f2 tenta explicar a necessidade dessa flexibilidade de forma neutra, sem expressar uma emoção clara. O f3 é neutro, relatando uma informação factual sobre uma decisão futura sem carga emocional. A emoção geral é de medo, devido à ameaça de cortes orçamentários e à incerteza econômica.",Tebet pede a deputados que mantenham emenda ao arcabouço aprovada no Senado,"A ministra do Planejamento e Orçamento, Simone Tebet, pediu aos deputados que mantenham a emenda ao arcabouço fiscal aprovada no Senado, que permite despesas condicionadas no Orçamento de 2024, alertando que sua retirada pode resultar em cortes de R$ 33 bilhões nos ministérios.","Ela destacou a importância de incluir essa previsão na LDO e na LOA para garantir maior flexibilidade diante de possíveis aumentos da inflação no segundo semestre, sem alterar o mérito do texto.","Enquanto isso, Tebet evitou comentar sobre possíveis mudanças no sistema de metas de inflação do Conselho Monetário Nacional, que será decidido na quinta-feira à tarde."
2682,medo,negativo,medo,negativo,medo,negativo,neutro,neutro,medo,negativo,"A manchete gera Medo ao mencionar a 'verdade incômoda' sobre inflação acima da meta, sugerindo um cenário desafiador e incerto. O f1 reforça essa emoção ao indicar que os bancos centrais precisarão lidar com inflação alta para evitar turbulências, sugerindo uma situação que pode levar a instabilidade. O f2 mantém o Medo ao sugerir ajustes nas políticas monetárias, mas com uma pitada de Surpresa pela necessidade de tolerar inflação mais alta do que o habitual. O f3, porém, equilibra um pouco a balança ao introduzir um plano de ação, reduzindo o Medo e introduzindo um contexto de Neutro, focado em informação factuais e estratégias. Assim, o rótulo geral é Medo, refletindo a incerteza e os desafios que os bancos centrais enfrentarão.","Bancos centrais terão de lidar com 'verdade incômoda' sobre inflação acima da meta, alerta FMI",O Fundo Monetário Internacional (FMI) afirmou que os principais bancos centrais precisarão aceitar uma inflação acima da meta de 2% por mais tempo para evitar turbulências financeiras.,"A vice-diretora-gerente do FMI, Gita Gopinath, destacou que os bancos centrais podem precisar ajustar suas políticas e tolerar uma inflação mais elevada, mesmo diante de riscos de estabilidade financeira.","Ela ressaltou a importância de estabelecer limites antes de aceitar uma inflação persistentemente alta, para evitar que ela se torne uma condição enraizada na economia."
2690,neutro,neutro,neutro,neutro,alegria,positivo,neutro,neutro,neutro,neutro,"A manchete indica um acontecimento futuro, o que pode gerar expectativa e ansiedade, mas não apresenta uma emoção dominante clara, sendo classificada como neutra. O f1 reflete a espera e o processo de negociação, o que também é neutro em termos de emoção. O f2 transmite confiança do ministro na aprovação da PEC, sugerindo uma emoção de alegria e uma polaridade positiva. O f3 aborda discussões sobre outros temas, sugerindo que ainda há questões a serem resolvidas, o que é neutro. O sentimento geral da notícia é neutro, pois embora haja uma nota positiva de confiança, a maior parte do conteúdo é informativo e neutro.","Reforma tributária será negociada após viagem de Lira, diz Haddad","A reforma tributária será negociada após o retorno do presidente da Câmara, Arthur Lira, de viagem, com o governo buscando ampliar o apoio para a votação da PEC.","O ministro da Fazenda, Fernando Haddad, afirmou estar confiante na aprovação do projeto, que prevê uma transição de até oito anos para o Imposto sobre Bens e Serviços (IBS) e CBS, além de mudanças no sistema de votação do Carf.","Haddad também discutiu questões relacionadas ao FGTS e ao Plano Safra com ministros do Trabalho, Agricultura e Desenvolvimento Agrário, aguardando estudos sobre os temas apresentados."
2719,neutro,neutro,surpresa,neutro,neutro,neutro,medo,negativo,neutro,neutro,"A manchete é neutra pois apenas informa sobre o evento de decisão da taxa de juros sem expressar sentimento. O f1 apresenta um misto de neutro e surpresa, pois informa sobre a expectativa de manutenção da taxa, mas também sobre a possível sinalização de cortes futuros, o que gera expectativas. O f2 é neutro, pois relata fatos sobre a decisão do Copom e possíveis mudanças baseadas em expectativas econômicas. O f3 apresenta uma emoção de medo, pois condiciona a redução da taxa a avanços estruturais, evidenciando incerteza e volatilidade. Geralmente, a notícia é neutra, pois informa de maneira factual e objetiva, embora a f3 tenha um teor de medo.",Banco Central decide taxa de juros nesta quarta-feira; saiba o que esperar,"O Banco Central deve manter a taxa Selic em 13,75% ao ano na reunião de quarta-feira, 21, mas há expectativa de sinalizações sobre o início de cortes futuros, possivelmente já em agosto.","A decisão do Copom tem sido unânime desde agosto de 2022, com possíveis mudanças devido às indicações de melhorias no quadro fiscal e na expectativa de inflação.","Economistas apontam que uma redução sustentável da taxa dependerá de avanços estruturais na economia brasileira, como a aprovação do novo arcabouço fiscal e sinais de arrefecimento da inflação."
2744,alegria,positivo,alegria,positivo,alegria,positivo,medo,neutro,alegria,positivo,"A manchete expressa uma perspectiva positiva devido à melhoria da nota do Brasil pela S&P Global Rating. A f1 reforça essa emoção ao destacar o crescimento econômico e a estabilidade democrática, o que sinaliza confiança e otimismo. A f2 também apresenta uma visão positiva ao atribuir o crescimento do PIB a uma safra recorde, indicando eficiência econômica. A f3, embora positiva no geral, introduz um elemento de cautela ao mencionar possíveis riscos fiscais futuros, mas ainda não é suficiente para alterar a emoção dominante. A emoção geral da notícia é de alegria, com uma polaridade positiva.",S&P Global Ratings melhora perspectiva de nota do Brasil,"A agência de risco S&P Global Rating elevou a perspectiva de nota do Brasil de estável para positiva, reafirmando o rating de BB-/B, devido às expectativas de crescimento do PIB e à estabilidade democrática.","O crescimento de 1,9% do PIB no primeiro trimestre de 2023 foi impulsionado principalmente pela safra recorde do setor agropecuário, que contribuiu com 1,7 pontos percentuais para o resultado.","A S&P destacou que o cenário positivo pode ser revertido em dois anos se houver fragilidade política ou implementação fraca de políticas, levando a uma deterioração fiscal e maior endividamento."
2795,alegria,positivo,alegria,positivo,alegria,positivo,alegria,positivo,alegria,positivo,"A manchete e os parágrafos f1, f2 e f3 expressam informações que geram ânimo positivo devido ao crescimento do PIB brasileiro acima do esperado e em uma posição favorável em comparação com outras economias globais. A manchete destaca o crescimento do PIB e sua posição em um ranking internacional, sugerindo alegria e polaridade positiva. O parágrafo f1 reforça essa emoção ao detalhar o crescimento e a posição do Brasil, mantendo a polaridade positiva. No parágrafo f2, a superação das expectativas do mercado financeiro e o crescimento superior à média global continuam a indicar alegria e polaridade positiva. Por fim, o parágrafo f3 compara o crescimento brasileiro ao de outros grupos de países, mostrando que o Brasil está alinhado ou à frente de importantes blocos econômicos, o que também sugere alegria e polaridade positiva. Portanto, a emoção geral da notícia é de alegria e a polaridade é positiva.","Brasil tem 4ª maior alta do PIB no 1º tri em ranking com 49 países, diz Austin Rating","O PIB brasileiro cresceu 1,9% no primeiro trimestre de 2023 em relação ao trimestre anterior, posicionando o país em quarto lugar no ranking de 49 economias elaborado pela Austin Rating.","O resultado ficou acima da expectativa do mercado financeiro, que previa uma expansão de 1,2%, e também superou a média global de 0,2% dos países analisados.","Os países do Brics, liderados pela China com 2,2%, tiveram crescimento médio de 1,9%, enquanto a OCDE estimou uma expansão média de 0,4% para seus membros."
2803,alegria,positivo,alegria,positivo,alegria,positivo,alegria,positivo,alegria,positivo,"A manchete reflete uma proposta otimista de integração regional, sugerindo alegria e polaridade positiva. O f1 detalha a proposta com um foco em cooperação e fortalecimento econômico, reforçando a alegria e polaridade positiva. O f2 menciona a retomada de cooperação e crítica ao isolamento anterior, indicando um sentimento de superação e otimismo, mantendo a alegria e polaridade positiva. O f3 reforça a ideia de liderança e unificação, alinhando-se com a proposta geral de integração e alegria, com polaridade positiva.",Lula propõe a criação de moeda comum na América do Sul para importação e exportação,"O presidente Lula propôs a criação de uma moeda comum para o comércio entre os países sul-americanos, buscando reduzir a dependência do dólar e fortalecer a integração regional.","Durante a cúpula promovida pelo Brasil, Lula também destacou a necessidade de retomar instrumentos de cooperação como a Unasul e criticou o isolamento do Brasil sob o governo anterior.",A iniciativa faz parte de um esforço maior de Lula para recuperar a liderança regional e promover uma identidade latino-americana mais unificada no cenário internacional.
2819,neutro,neutro,neutro,neutro,neutro,neutro,medo,negativo,neutro,neutro,"A manchete sugere uma incerteza sobre o futuro dos gastos com viagens internacionais, indicando uma possível mudança de comportamento, o que é neutro em termos de emoção e polaridade. O f1 confirma essa incerteza, usando a expressão 'novo normal', sem expressar emoção clara, portanto neutro. O f2 apresenta dados concretos e neutros sobre a recuperação parcial dos gastos, ainda abaixo do padrão pré-pandemia, o que mantém a neutralidade. O f3 menciona mudanças metodológicas que impactam negativamente os resultados em conta corrente, sugerindo um sentimento de preocupação ou incerteza, classificando como medo, com polaridade negativa. Geralmente, a notícia é neutra com uma leve inclinação ao medo devido ao impacto negativo das mudanças metodológicas.","Gastos com viagens internacionais podem refletir ""nova realidade"" pós-pandemia, diz Banco Central","O chefe do Departamento de Estatísticas do Banco Central, Fernando Rocha, afirmou que a redução dos gastos com viagens internacionais pode representar uma nova realidade ou um ""novo normal"" após a pandemia.","Apesar da recuperação gradual, o saldo financeiro com viagens ainda está abaixo do padrão pré-pandemia, com despesas dos brasileiros no exterior 15% menores do que o normal.","Rocha destacou que mudanças metodológicas, como o monitoramento de jogos e apostas online, estão impactando as contas de serviços e renda secundária, contribuindo para a piora nos resultados em conta corrente."
2827,surpresa,neutro,neutro,neutro,raiva,neutro,alegria,positivo,alegria,positivo,"A manchete apresenta uma ação de reembolso financeiro, que pode ser vista como positiva, mas também menciona críticas sobre juros, o que pode gerar sentimentos negativos. No f1, há uma informação de reembolso positiva, mas com uma polaridade neutra, pois é apresentado como um fato. O f2 apresenta uma defesa do BNDES contra críticas, indicando uma reação de raiva, mas com uma polaridade neutra, pois apresenta dados concretos. O f3 contém uma proposta positiva de redução de taxas e defesa do BNDES, indicando uma emoção de alegria e uma polaridade positiva. A emoção geral da notícia é alegria, com uma polaridade positiva, pois a defesa e propostas positivas do BNDES dominam o conteúdo.",BNDES reembolsa R$ 11 bilhões ao Tesouro Nacional em meio a críticas sobre juros,"O presidente do BNDES, Aloizio Mercadante, anunciou a assinatura de um cheque de R$ 11 bilhões para devolver ao Tesouro Nacional, reforçando a importância do banco na política de financiamento do país.","Ele criticou a justificativa de que o BNDES prejudica a política monetária, destacando que a instituição responde por apenas 1,5% do crédito no Brasil e que, nos últimos seis anos, transferiu R$ 870 bilhões ao Tesouro.","Mercadante afirmou que a redução da taxa Selic beneficiaria o banco ao facilitar a diminuição de suas próprias taxas de juros, além de defender o fortalecimento do BNDES como instrumento de industrialização e investimentos em infraestrutura."
2828,alegria,positivo,alegria,positivo,alegria,positivo,neutro,neutro,alegria,positivo,"A manchete gera uma expectativa positiva com a possível redução de preços dos carros, o que indica alegria. O f1 confirma essa emoção ao detalhar a redução de impostos e seu potencial impacto nos preços, reforçando a polaridade positiva. O f2 apresenta várias vantagens econômicas e ambientais da medida, sugerindo um sentimento de alegria e uma polaridade positiva. O f3 introduz uma incerteza sobre o impacto fiscal, o que pode gerar uma emoção neutra, mas a polaridade ainda é neutra devido à falta de detalhes concretos.","Corte de impostos na indústria automotiva pode viabilizar carros abaixo de R$ 60 mil, diz Anfavea","O governo anunciou uma redução temporária no IPI e PIS/Cofins para automóveis até R$ 120 mil, com potencial de diminuir os preços de veículos abaixo de R$ 60 mil, dependendo da política de cada montadora.","Márcio Lima Leite, presidente da Anfavea, afirmou que a medida, que deve durar pelo menos um ano, pode estimular a produção, os investimentos e a renovação da frota, além de evitar greves e reduzir as emissões de gases de efeito estufa.","Ainda não há definição sobre o impacto fiscal da medida, que depende da sua duração e do ajuste nas políticas de preços das montadoras."
2845,medo,negativo,medo,negativo,medo,negativo,neutro,neutro,medo,negativo,"A manchete expressa preocupação com o vencimento da MP do Carf, indicando uma emoção de medo devido à incerteza e às possíveis consequências negativas. A polaridade é negativa. O f1 reforça a incerteza e a expectativa de um diálogo, mantendo a emoção de medo e a polaridade negativa. O f2 traz dados concretos sobre o impacto negativo da indefinição, com aumento de débitos, o que caracteriza medo e uma polaridade negativa. O f3 menciona um tema relacionado, o retorno do Coaf ao Banco Central, de forma neutra e factual, sem expressar emoção dominante, resultando em uma polaridade neutra. A emoção geral da notícia é medo, devido à preocupação central com a incerteza e possíveis impactos negativos, e a polaridade geral é negativa.","Vencimento da MP do Carf é ruim, diz Haddad, que ainda espera diálogo sobre tema","O ministro da Fazenda, Fernando Haddad, reconheceu que o vencimento da Medida Provisória do Carf é prejudicial, mas destacou que o presidente da Câmara, Arthur Lira, deve abrir diálogo sobre o tema.","Haddad afirmou que a indefinição sobre as regras do Carf tem causado paralisação nos processos, aumentando o valor de débitos a serem julgados de R$ 1,3 trilhão para R$ 2 trilhões se a situação persistir.","Além disso, o ministro comentou que o retorno do Coaf ao Banco Central deve ocorrer sem mudanças na sua estrutura, priorizando a integridade de dados."
2863,neutro,neutro,neutro,neutro,medo,negativo,medo,negativo,medo,negativo,"A manchete sugere um fato neutro, apenas informando uma previsão da OCDE sem indicar uma reação emocional. A f1 também é neutra, apenas informando a previsão de crescimento dos empréstimos soberanos e emissão de dívida. A f2 introduz um tom de medo, pois menciona o aumento da dívida devido à guerra e ao aumento dos juros, criando uma expectativa negativa. A f3 também carrega uma emoção de medo, pois destaca o risco de volatilidade dos rendimentos e dificuldades no serviço da dívida devido ao aumento da dívida e aperto monetário global. O rótulo geral de medo é atribuído porque, embora a manchete e f1 sejam neutras, f2 e f3 indicam claramente uma preocupação com o futuro, predominando a emoção de medo.",OCDE: empréstimos soberanos e emissão de dívidas por países do grupo voltarão a crescer em 2023,"A OCDE prevê que os empréstimos soberanos e a emissão de dívida por países do grupo devem voltar a crescer em 2023, após dois anos de redução.","Em 2022, as necessidades de empréstimo somaram US$ 12,2 trilhões, mas a expectativa é de um aumento de 6% neste ano, atingindo US$ 12,9 trilhões, impulsionado pelos efeitos da guerra na Ucrânia e do aumento dos juros.",A organização também destaca que o aumento da dívida e o aperto monetário global podem elevar a volatilidade dos rendimentos e dificultar o serviço da dívida pelos países membros.
2868,medo,neutro,medo,neutro,medo,negativo,medo,neutro,medo,neutro,"A manchete reflete uma resposta cautelosa do Fed à recente turbulência bancária, o que indica uma potencial mudança na política monetária, sugerindo 'medo' devido à incerteza. No entanto, a polaridade é 'neutro', pois ainda é uma consideração, não uma ação definitiva. O f1 reforça o 'medo' com a possibilidade de ajuste menos intenso devido à turbulência, e a polaridade é 'neutro' por ser uma informação de precaução e não uma ação negativa confirmada. O f2 traz um sentimento de 'medo' ao mencionar a persistência de problemas inflacionários e alta demanda por trabalho, com uma polaridade 'negativo' por indicar desafios econômicos. O f3 mantém o 'medo' pela incerteza na extensão do ajuste, com polaridade 'neutro', pois é uma declaração de monitoramento e não de ação negativa imediata. A emoção geral é 'medo' devido à incerteza e volatilidade no cenário econômico, com polaridade 'neutro' por ainda estar em avaliação.","Fed considera efeito da turbulência bancária nos EUA para ajuste monetário, afirma Powell","O presidente do Federal Reserve, Jerome Powell, sinalizou que o aperto monetário nos EUA pode ser menos intenso devido à turbulência bancária recente e às condições de crédito mais restritivas.","Ele destacou que, apesar do progresso no controle da inflação em bens, os serviços continuam a mostrar força e a demanda por trabalho permanece elevada, o que pode impactar o crescimento econômico, o emprego e a inflação.",Powell também afirmou que a extensão do ajuste na política monetária é incerta e que o Fed continuará monitorando os desdobramentos do cenário econômico.
2869,alegria,positivo,alegria,positivo,alegria,positivo,medo,negativo,alegria,positivo,"A manchete mostra otimismo com o crescimento do PIB, refletindo alegria e polaridade positiva devido ao aumento das projeções. F1 reforça essa alegria ao detalhar os resultados positivos do IBC-Br e revisões para cima das estimativas. F2 mantém a alegria ao destacar o desempenho forte da economia em setores-chave, com polaridade positiva. F3, no entanto, apresenta uma nota de cautela, sugerindo medo e polaridade negativa devido às condições financeiras adversas e possíveis desacelerações futuras. No geral, a notícia é predominantemente alegre com polaridade positiva, apesar do medo e da polaridade negativa no último parágrafo.",Economistas elevam projeção do PIB brasileiro após resultados positivos,"Economistas e instituições do mercado financeiro elevaram suas projeções de crescimento do PIB brasileiro em 2023, impulsionados pelos resultados positivos do Índice de Atividade do Banco Central (IBC-Br) de março e do primeiro trimestre.","O desempenho mais forte da economia, especialmente nos setores de agricultura, varejo e serviços, levou a revisões de estimativas de crescimento para o primeiro trimestre e para o ano, com expectativas variando de 1,0% a 1,8%.","No entanto, há cautela quanto à manutenção desse ritmo devido às condições financeiras adversas, aumento da inadimplência e perspectivas de desaceleração no segundo semestre."
2933,medo,negativo,medo,negativo,medo,negativo,medo,negativo,medo,negativo,"A manchete expressa uma necessidade de aumento da carga tributária para cumprir o arcabouço fiscal, sugerindo uma medida de Medo, pois reflete incerteza sobre como isso será realizado. f1 confirma essa incerteza ao detalhar os requisitos para cumprir as metas fiscais, reforçando o Medo. f2 apresenta medidas específicas para aumentar a arrecadação, mas também menciona obstáculos políticos e legais, indicando uma polaridade negativa e uma emoção de Medo. f3 reitera os desafios, mantendo a polaridade negativa e a emoção de Medo. Assim, a emoção geral da notícia é Medo, com uma polaridade geral negativa.","Cumprir arcabouço exigiria aumento de até 2,3 p.p. do PIB na carga tributária, estima BTG","Segundo analistas do BTG Pactual, o cumprimento da meta de resultado primário exigiria aumento da carga tributária entre 1,8 p.p. e 2,3 p.p. do PIB nos próximos três anos, dependendo do nível de despesa de 2024, enquanto o arcabouço fiscal prevê estabilizar a dívida pública a partir de 2026 com superávit de 1%.","O governo busca estratégias como a tributação de apostas online, recursos offshore e revisão de benefícios fiscais, incluindo a inclusão de benefícios de ICMS na base de cálculo do IRPJ/CSLL, o que enfrentará resistência política e judicialização.","No entanto, as projeções de arrecadação e o cenário de juros reais mais baixos ainda representam desafios para atingir as metas fiscais e estabilizar a dívida pública."
2942,neutro,negativo,neutro,negativo,tristeza,negativo,tristeza,negativo,tristeza,negativo,"A manchete transmite uma informação factual sobre a taxa de juros real no Brasil, o que sugere uma emoção neutra. No entanto, a polaridade é negativa, pois altos juros reais geralmente são vistos como um problema econômico. O f1 é neutro ao apresentar dados concretos sobre taxas de juros e inflação, mas a polaridade é negativa devido às implicações econômicas desses altos juros. O f2 expressa tristeza e medo, pois destaca críticas e preocupações com os efeitos sociais e econômicos negativos, com uma polaridade negativa. O f3 também é tristeza e medo, pois aborda os desafios do governo e do Banco Central e a necessidade de equilibrar políticas para evitar recessão e reduzir desigualdades, reforçando uma polaridade negativa. O rótulo geral da notícia é de tristeza e polaridade negativa, devido ao foco nos problemas e desafios econômicos e sociais associados aos altos juros reais.",Brasil tem maior juro real do mundo. O que isso significa na prática?,"O Brasil possui uma das maiores taxas de juros reais do mundo, atualmente em torno de 7%, devido à Selic em 13,75% ao ano e à inflação projetada de 6%.","O debate sobre a manutenção ou redução desses juros tem sido intenso, com críticas ao alto patamar e preocupações com os efeitos econômicos e sociais, especialmente para os mais pobres.","Apesar da desaceleração da inflação, o governo e o Banco Central enfrentam desafios para equilibrar a política monetária e fiscal, buscando evitar uma recessão e reduzir as desigualdades geradas pelo juro alto."
2979,surpresa,negativo,surpresa,negativo,medo,negativo,medo,negativo,medo,negativo,"A manchete indica um aumento no preço das passagens aéreas, o que pode causar surpresa, dado o contexto de uma inflação geral em baixa. No entanto, a polaridade é negativa, pois um aumento nos preços é geralmente visto como desfavorável. O f1 menciona o aumento do preço das passagens aéreas e a baixa inflação geral, criando uma situação de surpresa, mas com uma polaridade negativa. O f2 explica o aumento, mostrando uma alta de 51% comparado ao ano anterior, o que evidencia uma sensação de medo frente às incertezas dos preços, com uma polaridade negativa. O f3 reforça a ideia de que, mesmo com a inflação geral em baixa, o setor aéreo continua caro, gerando uma emoção de medo devido às incertezas econômicas e uma polaridade negativa.",Preço das passagens aéreas fica 12% mais caro em abril; veja o histórico,"A inflação brasileira atingiu a menor taxa em mais de dois anos, mas as passagens aéreas voltaram a subir em abril, com alta de 11,96% no IPCA-15.","Apesar de quedas anteriores, o preço das passagens aéreas está 51% mais caro do que em abril do ano passado, refletindo fatores internacionais e sazonais, além do aumento no preço do querosene de aviação.","O índice aponta que, embora a inflação geral desacelere, o setor aéreo mantém uma alta significativa, influenciada por retomada de viagens e custos de operação elevados."
3023,neutro,neutro,neutro,neutro,neutro,neutro,neutro,neutro,neutro,neutro,"A manchete transmite uma informação neutra, explicativa, sem carga emocional significativa. F1 é neutro, pois explica mecanismos legais sem emitir juízo de valor. F2 é neutro, pois detalha os mecanismos do arcabouço fiscal de forma factual, sem expressar opinião ou especulação. F3 é neutro, pois informa sobre uma meta específica e atualizações, de forma objetiva. A emoção geral da notícia é neutra, pois não há elementos emocionais ou especulações que possam gerar uma reação emocional dominante.",Arcabouço fiscal: descumprimento das metas terá de ser explicado ao Congresso,"O projeto de lei do novo arcabouço fiscal estabelece que o presidente da República deve justificar ao Congresso Nacional o não cumprimento das metas de resultado das contas públicas e propor medidas corretivas, sem configurar infração à Lei de Responsabilidade Fiscal.","A meta de resultado passará a variar dentro de um intervalo de 0,25 ponto do PIB, com limites para crescimento de gastos e uso de excedentes para investimentos, além de prever um bônus de até R$ 25 bilhões para investimentos em caso de superávit.","Para 2024, a meta é zerar o déficit, com o valor do bônus atualizado pela inflação, e o texto foi divulgado pelo Ministério da Fazenda nesta terça-feira."
3030,alegria,positivo,alegria,positivo,alegria,positivo,alegria,positivo,alegria,positivo,"A manchete expressa otimismo e confiança em uma política econômica que pode resultar em redução dos juros, o que é um fator positivo para o mercado financeiro. No f1, Alckmin reforça essa confiança ao associar o novo arcabouço fiscal com a possibilidade de redução dos juros pelo Banco Central, indicando uma perspectiva positiva. O f2 apresenta uma situação de recuperação da competitividade da indústria, destacando a importância da reforma tributária e do câmbio competitivo, com uma abordagem otimista e positiva. No f3, o ministro reafirma o compromisso do governo em implementar medidas que fortaleçam o setor industrial, gerando expectativas de melhores empregos e salários, o que também é uma perspectiva positiva. A emoção dominante na notícia como um todo é a alegria, com uma polaridade positiva.","'Com a âncora fiscal, acreditamos que vamos ter a redução de juros necessária', diz Alckmin","Geraldo Alckmin afirmou que o novo arcabouço fiscal deve viabilizar a redução dos juros pelo Banco Central, devido à âncora fiscal.","Ele destacou que a reforma tributária e o câmbio competitivo são fatores importantes para recuperar a competitividade da indústria, que caiu de 30% para 11% no PIB.",O ministro garantiu o empenho do governo na implementação dessas medidas para fortalecer o setor industrial e gerar melhores empregos e salários.
3032,neutro,neutro,alegria,positivo,medo,negativo,alegria,positivo,neutro,neutro,"A manchete expressa uma neutralidade, destacando o debate entre economistas sobre o arcabouço fiscal. O fragmento f1 apresenta uma emoção de alegria, pois destaca apoio do FMI, Banco Central e empresários ao novo arcabouço, indicando um sentimento positivo de avanço e flexibilidade. O fragmento f2 evoca medo, com críticos questionando a sustentabilidade e dificuldade de cumprimento das metas fiscais, especialmente em um cenário econômico desfavorável, criando incerteza. O fragmento f3, embora contenha uma divergência de opiniões, termina com uma reação positiva do mercado, indicando alegria. A emoção geral da notícia é neutra, pois apresenta tanto apoio quanto crítica ao arcabouço fiscal, sem uma emoção claramente dominante.","Às vésperas de entrega ao Congresso, arcabouço fiscal ainda divide opiniões entre economistas","Economistas e especialistas em contas públicas estão divididos quanto à qualidade do novo arcabouço fiscal, com apoiadores como o FMI, o Banco Central e empresários destacando avanços na flexibilidade e criatividade das regras.","Críticos, incluindo ex-secretários e acadêmicos, questionam a consistência dos parâmetros, a sustentabilidade da dívida e a dificuldade de cumprimento das metas fiscais, especialmente em cenário de desaceleração econômica.","Apesar das divergências, o governo defende a proposta, enquanto o mercado reagiu positivamente, com a Bolsa atingindo a melhor semana do ano e o dólar caindo abaixo de R$5."
3086,neutro,neutro,alegria,positivo,alegria,positivo,alegria,positivo,alegria,positivo,"A manchete transmite uma informação sobre a necessidade de aumentar a receita, o que sugere uma postura de busca por soluções, sem uma carga emocional clara, resultando em uma classificação neutra. O f1 apresenta medidas concretas e positivas para aumentar a arrecadação, indicando uma tentativa de resolver problemas fiscais, o que gera uma polaridade positiva e emoção de alegria. O f2 reforça essa ideia com detalhes sobre o pacote inicial e a suficiência para atingir a meta, mantendo a polaridade positiva e emoção de alegria. O f3 indica um plano futuro, incluindo a reforma tributária, o que sugere uma continuidade das ações positivas, mantendo a polaridade positiva e a emoção de alegria. Assim, a emoção geral e a polaridade da notícia são de alegria e positiva, respectivamente.",Haddad diz que receita precisa aumentar entre R$ 110 e 150 bi para atingir metas do arcabouço,"O ministro da Fazenda, Fernando Haddad, anunciou que o governo pretende ampliar a arrecadação em até R$ 150 bilhões por meio de medidas como a taxação de apostas eletrônicas, comércio eletrônico irregular e mudanças na subvenção a estados, com o objetivo de zerar o déficit primário em 2024.","Ele destacou que o pacote inicial, que inclui a tributação de apostas online e ações contra práticas de contrabando no comércio eletrônico, deve gerar entre R$ 100 e R$ 110 bilhões, sendo suficiente para atingir a meta fiscal.","Após essa fase, Haddad afirmou que o foco será na aprovação da reforma tributária e na implementação de outras medidas para fortalecer a arrecadação e a sustentabilidade fiscal do país."
3102,medo,negativo,medo,negativo,medo,negativo,medo,negativo,medo,negativo,"A manchete apresenta uma alta probabilidade de estouro da meta de inflação, o que gera uma emoção de medo devido à incerteza econômica. No entanto, a polaridade é negativa, pois o estouro da meta é uma notícia desfavorável. O f1 apresenta uma resposta firme do BC, gerando medo pela necessidade de manter uma política monetária restritiva, mas também uma sensação de controle, o que mantém a polaridade negativa devido às implicações econômicas adversas. O f2 reforça o medo com a necessidade de manter juros altos e menciona volatilidade nos mercados, mantendo a polaridade negativa. O f3 mostra uma revisão positiva do crescimento do PIB, mas indica desaceleração econômica, o que também gera medo e mantém a polaridade negativa. No geral, a notícia transmite medo e é negativa, devido à incerteza e desafios econômicos mencionados.",BC admite 83% de chance de estourar meta de inflação em 2023,"O Banco Central reconhece que há uma probabilidade de 83% de a inflação ultrapassar a meta de 3,25% em 2023, mas manterá a política monetária firme para atingir os objetivos.",A instituição destaca a necessidade de manter taxas de juros elevadas por mais tempo devido às expectativas de inflação desancoradas e à volatilidade nos mercados financeiros.,"Apesar da revisão para um crescimento de 1,2% do PIB em 2023, o BC reforça que a economia deve desacelerar ao longo do ano."
3132,medo,negativo,neutro,neutro,neutro,neutro,alegria,positivo,neutro,neutro,"A manchete apresenta uma questão de incerteza e antecipa mudanças no cenário fiscal, indicando uma emoção de “medo”, pois gera uma expectativa de possíveis restrições ou mudanças que podem afetar setores essenciais como saúde e educação. A polaridade é negativa, pois a antecipação de mudanças pode gerar insegurança. O f1 é neutro, pois apenas informa sobre a postergação da definição do novo arcabouço fiscal, sem emitir juízo de valor ou especulação. O f2 indica uma tentativa de equilíbrio e estabilidade, o que pode gerar uma emoção de “neutro”, pois ainda está em fase de proposta e busca evitar restrições, não apresentando uma reação emocional clara. A polaridade também é neutra. O f3 transmite uma emoção de “alegria”, com polaridade positiva, pois indica uma expectativa de recomposição de gastos em setores essenciais, o que é visto como uma melhoria e estabilidade fiscal. O rótulo geral da notícia é “neutro”, com uma polaridade neutra, pois apesar de abordar incertezas e possibilidades positivas, o conteúdo geral foca na transmissão de informações factuais e propostas.",Como ficará o orçamento para saúde e educação na nova regra fiscal do governo Lula?,"O governo Lula adiou para abril a definição do novo arcabouço fiscal, que substituirá o teto de gastos criado em 2016, após a viagem do presidente à China.","A proposta busca equilibrar a recomposição das despesas com saúde e educação, que tiveram contenção sob o teto, e evitar restrições excessivas em outras áreas, considerando a necessidade de uma regra de transição.","A intenção é que, ao revogar o teto, os gastos com saúde e educação retornem às vinculações constitucionais anteriores, garantindo maior estabilidade e sustentabilidade fiscal."
3139,neutro,neutro,neutro,neutro,medo,negativo,medo,negativo,medo,negativo,"A manchete é neutra, pois apenas informa o início de uma reunião do Copom, sem expressar opinião ou emoção. O f1 é neutro, pois detalha os eventos da reunião, sem emitir juízo ou especulação. O f2 apresenta uma emoção de medo, devido à incerteza e possibilidade de aumento da taxa Selic, o que gera aversão ao risco. O f3 também reflete medo, com projeções de cortes na Selic, mas destacando preocupações fiscais e inflacionárias que podem afetar essas projeções. No geral, a notícia transmite uma carga emocional de medo, refletindo a incerteza sobre as políticas monetárias futuras e suas implicações na economia.",Reunião do Copom começa com a sessão de análise de conjuntura,"A segunda reunião do Copom em 2023 iniciou com análises de conjuntura que se estenderam até a quarta-feira, quando foi definida a taxa Selic, mantida em 13,75%.","Apesar da pressão do governo por redução dos juros, o Banco Central indicou que a taxa pode subir caso a desinflação não ocorra conforme o esperado, e as expectativas de mercado apontam para manutenção ou cortes a partir de 2023.","As projeções indicam que a Selic deve fechar 2023 em 12,5%, com cortes previstos para 2024 e 2025, refletindo preocupações fiscais e de inflação."
3151,alegria,positivo,alegria,positivo,neutro,neutro,alegria,positivo,alegria,positivo,"A manchete indica alegria devido ao recorde de declarações entregues, mostrando eficiência e alta adesão dos contribuintes. A f1 reforça essa alegria ao destacar o aumento significativo no número de declarações, quase dez vezes mais que no ano anterior. A f2 apresenta um contexto neutro, explicando as razões desse aumento, sem expressar emoção direta, mas com informações factuais. A f3 também tem um tom de alegria, mencionando melhorias e facilidades para os contribuintes, como a ampliação dos dados pré-preenchidos e a possibilidade de restituição via Pix. A emoção geral da notícia é de alegria, pois destaca aspectos positivos e melhorias no processo de declaração do IRPF.",IRPF 2023: Receita recebe mais de 1 milhão declarações no primeiro dia,"O número de declarações do Imposto de Renda Pessoa Física entregues no primeiro dia deste ano atingiu recorde, com 1.050.023 envios até as 17h, quase dez vezes mais que em 2022.","A mudança no prazo de entrega, que começou em 15 de março e vai até 31 de maio, além da antecipação do programa gerador, contribuiu para esse aumento, além da expectativa de receber entre 38,5 milhões e 39,5 milhões de declarações neste ano.","Entre as novidades, estão a ampliação dos dados disponíveis na declaração pré-preenchida e mudanças na obrigatoriedade de declarar investimentos na bolsa, além de melhorias na agilidade na restituição, que agora pode ser feita por Pix para quem usar a chave CPF."
3219,neutro,neutro,neutro,neutro,neutro,neutro,neutro,neutro,neutro,neutro,"A manchete é neutra, informando sobre as medidas econômicas sem expressar opinião. f1 é neutro, apresentando fatos sobre a reoneração de tributos sem especulação ou julgamento. f2 é neutro, descrevendo uma decisão tomada e seus resultados financeiros sem carga emocional. f3 é neutro, mas com um tom de medo subjacente devido às circunstâncias políticas mencionadas, embora a emoção não domine o texto. A emoção geral é neutra, pois a notícia transmite informações factuais sobre medidas econômicas.","Haddad: Reoneração da gasolina e novo preço da Petrobras resultarão em saldo liquido de R$ 0,34","O ministro da Fazenda, Fernando Haddad, anunciou que a reoneração dos tributos federais sobre gasolina será de R$ 0,47 e do etanol de R$ 0,02, mantendo o diferencial vigente em 2021.","A decisão foi tomada antes do prazo final, após a Petrobras reduzir os preços da gasolina e do diesel nas refinarias, resultando em um saldo líquido de R$ 0,34 para a gasolina.",Haddad destacou que a medida faz parte do esforço do governo para recompor o orçamento e que a prorrogação da desoneração ocorreu por cautela diante de rumores sobre golpe de Estado e da posse do novo presidente da Petrobras.
3238,alegria,positivo,alegria,positivo,alegria,positivo,alegria,positivo,alegria,positivo,"A manchete expressa alegria pela quadruplicação da produção de petróleo no regime de partilha em 2022, um fato positivo. O f1 reforça essa alegria, detalhando o crescimento e destacando os campos responsáveis, o que indica um cenário de otimismo e superação de expectativas. O f2 mantém a alegria ao mencionar a arrecadação significativa para o Tesouro Nacional e o crescimento da produção de gás natural, ambos positivos. O f3 também reflete alegria ao descrever um recorde na produção diária de petróleo da União e a expansão da produção de gás natural, reforçando o sentimento positivo. Assim, a emoção dominante para a notícia como um todo é a alegria.",Produção de petróleo no regime de partilha quadruplica em 2022,"A produção de petróleo em contratos de partilha em 2022 foi quase quatro vezes maior do que em 2021, totalizando 233 milhões de barris, com destaque para os campos de Búzios e Mero, responsáveis por 80% da produção.","A arrecadação para o Tesouro Nacional atingiu R$ 4,71 bilhões, enquanto a produção de gás natural também apresentou crescimento significativo, superando três vezes os volumes de 2021.","Em dezembro, a produção média diária de petróleo da União atingiu recorde de 41,79 mil barris, com destaque para os campos de Mero, Búzios e Entorno de Sapinhoá, além de uma expansão de 34% na produção de gás natural em relação ao mês anterior."
3241,surpresa,neutro,surpresa,neutro,medo,negativo,surpresa,neutro,surpresa,neutro,"A manchete expressa um conflito dentro do governo, o que pode gerar surpresa ou medo, mas é mais próxima de uma informação neutra. F1 indica uma divergência entre a equipe econômica e a ala política, gerando uma surpresa devido ao impacto na política do governo. F2 destaca o aumento de preços e a perda de receitas, indicando medo devido à incerteza econômica. F3 reflete a indecisão do presidente Lula, o que mantém o sentimento de surpresa. No geral, a notícia apresenta uma surpresa devido à tensão entre diferentes setores do governo e incerteza sobre a decisão final.","Equipe econômica defende volta de impostos sobre a Gasolina, mas ala política do governo é contra","A equipe econômica do governo defende a reoneração dos impostos federais sobre gasolina e etanol, cuja desoneração vence em 28 de março, enquanto a área política busca manter os impostos zerados para evitar impacto na inflação e na avaliação do presidente Lula.","A volta dos impostos representaria um aumento de R$ 0,69 por litro na bomba e uma perda de receitas de aproximadamente R$ 3 bilhões mensais, sendo considerada uma medida para reduzir o rombo fiscal de R$ 230 bilhões previsto para o ano.","A decisão final ainda está sendo avaliada pelo presidente Lula, com debates internos sobre os efeitos fiscais, políticos e ambientais da reoneração."
3256,neutro,neutro,neutro,neutro,neutro,neutro,neutro,neutro,neutro,neutro,"A manchete é neutra, pois apenas informa sobre viagens de Haddad e Campos Neto para reuniões do G-20. O f1 é neutro, pois informa sobre a participação deles nas reuniões, sem expressar opinião ou especulação. O f2 é neutro, pois detalha as datas das viagens, informação rotineira e factual. O f3 é neutro, pois informa sobre uma palestra de Campos Neto, também de cunho factual e rotineiro. A emoção geral da notícia é neutra, pois não apresenta cargas emocionais ou especulações.",Haddad e Campos Neto viajam semana que vem para reuniões do G-20 na Índia,"O ministro da Fazenda, Fernando Haddad, e o presidente do Banco Central, Roberto Campos Neto, irão participar de reuniões do G-20 na Índia na próxima semana.","As viagens foram autorizadas e estão previstas para ocorrer entre 21 e 26 de fevereiro, com Haddad de 22 a 25 e Campos Neto de 21 a 26.","Além das reuniões, Campos Neto também fará uma palestra no ""G-20 High-Level Symposium on Digital Public Infrastructure""."
3275,alegria,positivo,alegria,positivo,alegria,positivo,alegria,positivo,alegria,positivo,"A manchete transmite uma mensagem de alegria, pois reflete confiança na manutenção das metas de inflação, o que é positivo para a estabilidade econômica. A f1 reforça essa alegria, com uma polaridade positiva, ao destacar a importância de manter a meta de inflação, transmitindo confiança e responsabilidade na política monetária. A f2 também apresenta alegria, com polaridade positiva, ao enfatizar a autonomia e a transparência do Banco Central, elementos fundamentais para a credibilidade e estabilidade do sistema financeiro. A f3 continua nessa linha, com uma polaridade positiva, ao afirmar que Campos Neto não pretende deixar o cargo, o que traz estabilidade e continuidade, essenciais para a confiança dos investidores. O rótulo geral segue a mesma emoção e polaridade dominante, alegria e positivo, respectivamente.","'É importante dizer que não estudamos mudança de metas de inflação', diz Campos Neto","Roberto Campos Neto, presidente do Banco Central, negou ter concordado com a flexibilização do sistema de metas de inflação e afirmou que a manutenção da meta de 3,25% é fundamental para a política monetária do país.","Ele destacou a importância de um debate transparente sobre os juros e reforçou a autonomia do BC, afirmando que suas decisões são colegiadas e independentes.",Campos Neto também afirmou que não pretende deixar o cargo em 2024 e que a credibilidade do Banco Central é essencial para a estabilidade econômica e o crescimento sustentável do Brasil.
3286,alegria,positivo,alegria,positivo,neutro,neutro,alegria,positivo,alegria,positivo,"A manchete indica um evento positivo para Dilma Rousseff, com a possibilidade de um alto salário, o que sugere alegria e uma polaridade positiva. O f1 confirma essa alegria ao detalhar o valor do salário, reforçando a perspectiva positiva. O f2 é informativo, descrevendo o papel e a importância do banco, o que o torna neutro. O f3 reforça a relevância do Brasil na organização, indicando um sentimento de alegria e uma polaridade positiva devido à importância e influência do país. No geral, a notícia apresenta uma perspectiva positiva sobre a indicação e a posição do Brasil no banco.",Dilma deve receber salário de pelo menos R$ 290 mil na presidência do Banco dos Brics,"Se confirmada a indicação de Dilma Rousseff para presidir o Novo Banco de Desenvolvimento, ela receberia um salário de aproximadamente R$ 290 mil mensais, considerando uma divisão igualitária dos salários dos seis cargos de chefia do banco.","O NDB, fundado em 2014 e com sede em Xangai, financia projetos de infraestrutura e desenvolvimento sustentável em países do Brics e emergentes, com uma carteira de US$ 32,8 bilhões e meta de investir mais US$ 30 bilhões até 2026.","Como maior acionista do banco, o Brasil detém 20% das ações, fortalecendo sua presença em uma instituição que busca ampliar a cooperação financeira entre os países fundadores e novos membros."
3307,alegria,positivo,alegria,positivo,alegria,positivo,desprezo,positivo,alegria,positivo,"A manchete expressa alegria e positividade ao anunciar novas propostas do BNDES, sugerindo expectativas de mudanças benéficas. O f1 reforça a alegria com a preparação de um novo arcabouço fiscal, indicando inícia de um processo de melhoria. O f2 apresenta propostas específicas que sugerem uma alegria ainda maior, pois incluem redução de juros e benefícios fiscais, o que é geralmente visto como positivo pelo mercado. O f3 mistura alegria e desprezo, pois ao mesmo tempo que destaca negociações promissoras com a China, defende Lula de críticas, indicando uma polaridade geral positiva, mas com elementos de desprezo em relação aos críticos. No geral, a notícia transmite uma sensação de alegria e positividade, com uma defesa clara das posições do governo.","BNDES vai apresentar propostas para novo arcabouço fiscal, diz Mercadante","O novo presidente do BNDES, Aloizio Mercadante, afirmou que o banco está elaborando um projeto de novo arcabouço fiscal, com proposta pronta até março e debate envolvendo economistas internacionais.","Ele também anunciou a preparação de um projeto de lei para mudanças no banco, incluindo a redução de juros, zerar o IOF e acabar com repasses de dividendos à União, sem subsídios do Tesouro.","Além disso, Mercadante destacou negociações com a China e defendeu o presidente Lula em relação às críticas à política de juros e à independência do Banco Central."
3332,alegria,positivo,neutro,neutro,alegria,positivo,alegria,positivo,alegria,positivo,"A manchete indica uma oportunidade para os contribuintes, o que pode gerar ânimo positivo. A f1 descreve o processo de adesão ao programa, o que é uma informação neutra, factúl. A f2 detalha os benefícios do programa, como descontos e extinção de recursos, sugerindo uma oportunidade de economia, que gera um sentimento de alegria. A f3 foca nos benefícios para o governo, como a redução de processos e recomposição do caixa, o que também é positivo.",Adesão ao Programa Litígio Zero começa nesta quarta-feira,"A partir de 1º de março, os contribuintes podem aderir ao Programa de Redução de Litigiosidade Fiscal, conhecido como Litígio Zero, até 31 de março, por meio do e-CAC.","O programa permite a renegociação de dívidas tributárias com descontos variáveis, dependendo do valor e do perfil do contribuinte, além de extinguir recursos de ofício no Carf para valores abaixo de R$ 15 milhões.",A iniciativa visa aliviar a carga de processos na Receita Federal e contribuir para a recomposição do caixa do governo em 2023.
3335,desprezo,negativo,desprezo,negativo,raiva,negativo,neutro,neutro,raiva,negativo,"A manchete expressa uma crítica direta ao presidente Lula, sugerindo uma emoção de 'desprezo' com polaridade 'negativa' por indicar uma oportunidade perdida e aconselhamento sobre sua conduta. O f1 reforça essa emoção ao destacar as incertezas causadas por suas declarações, aumentando a polaridade negativa. O f2 intensifica a crítica, focando na 'raiva' com polaridade 'negativa' ao apontar a tentativa de questionar a autonomia do Banco Central, sugerindo uma ameaça à estabilidade monetária. O f3 mantém a crítica, mas com uma postura 'neutra', pois foca em recomendações práticas e reformas necessárias, sem expressar emoções intensas. A emoção geral é 'raiva', devido à crítica consistente à conduta e políticas do presidente Lula.","Lula desperdiçou chance de cortar juros, diz Henrique Meirelles","Henrique Meirelles aconselhou o presidente Lula a evitar falar sobre taxas de juros, destacando que suas declarações têm gerado incertezas no mercado e prejudicado a expectativa de cortes na Selic.","Ele afirmou que a autonomia do Banco Central, garantida por lei, é fundamental para a política monetária e criticou a tentativa de questionar essa independência, alertando para o risco de mudanças nas metas de inflação.","Para 2024, Meirelles defende a manutenção do regime atual e a continuidade da política de controle da inflação, ressaltando a importância de reformas fiscais e de gastos públicos para o crescimento sustentável do país."
3348,neutro,neutro,neutro,neutro,neutro,neutro,neutro,neutro,neutro,neutro,"A manchete é neutra, pois apenas informa sobre propostas de reforma tributária sem expressar opinião ou especulação. O f1 é neutro, pois apresenta fatos sobre as propostas de emenda à Constituição sem carga emocional. O f2 é neutro, pois detalha a unificação de tributos e prazos de transição de forma objetiva. O f3 é neutro, pois discute alterações nos impostos sem emitir juízo de valor. No geral, a notícia é neutra, focando em informações factuais sobre a reforma tributária.",Reforma tributária: veja as propostas paradas no Congresso,"O governo federal pretende enviar ao Congresso uma primeira fase da reforma tributária, focada na simplificação da tributação sobre o consumo, baseada em propostas de emenda à Constituição (PEC 45/2019 e PEC 110/2019).","Essas propostas preveem a unificação de tributos, como o substituto do PIS, Cofins, IPI, ICMS e ISS, com mudanças na arrecadação e na distribuição de receitas entre União, estados e municípios, além de estabelecer prazos de transição de até 20 anos.","A reforma também inclui alterações nos impostos sobre patrimônio e consumo, além de discutir a tributação de dividendos e a faixa de isenção do imposto de renda, com o objetivo de simplificar o sistema e promover maior progressividade."
3355,tristeza,negativo,tristeza,negativo,surpresa,positivo,surpresa,neutro,surpresa,neutro,"A manchete expressa uma emoção de tristeza devido à queda nos investimentos governamentais, que é uma notícia negativa para o desenvolvimento econômico. O f1 reforça essa emoção, detalhando a redução e as razões por trás dela, focando em perdas financeiras. O f2 apresenta um sentimento de surpresa ao relatar um superávit primário inesperado, dado o contexto de redução dos investimentos, e tem polaridade positiva. O f3 também gera surpresa, mostrando que, apesar das dificuldades, o teto de gastos foi respeitado, com uma emoção neutra devido ao foco factual. No geral, a notícia apresenta uma emoção de surpresa, pois embora haja uma queda nos investimentos, o superávit e o respeito ao teto de gastos são positivos e inesperados.",Tesouro: houve queda de quase 30% em investimentos para cumprir o teto de gastos,"Em 2022, os investimentos do governo para o cumprimento do teto de gastos tiveram uma redução de 26,7%, totalizando R$ 45,557 bilhões, devido ao aumento das despesas obrigatórias.","Apesar dessa queda, o superávit primário atingiu R$ 54,086 bilhões, impulsionado por um crescimento real de 6,5% nas receitas administradas pela Receita Federal e aumento nas receitas não administradas e na arrecadação da Previdência Social.","O Tesouro Nacional destacou que a execução das despesas sujeitas ao teto de gastos atingiu 97,7% do limite permitido, com todos os Poderes e órgãos respeitando seus limites."
3356,medo,negativo,medo,negativo,alegria,positivo,alegria,positivo,alegria,positivo,"A manchete reflete uma preocupacao com a inflacao e os reajustes salariais, indicando uma polaridade negativa e uma emoção de medo, pois o texto sugere que uma parcela significativa das negociacoes salariais não está conseguindo acompanhar a inflacao. O f1 reforça essa emoção de medo com a informacao de que, apesar da diminuição na proporção de reajustes abaixo da inflacao, muitos trabalhadores ainda não tiveram seus salarios recompostos adequadamente, mantendo a polaridade negativa. O f2, no entanto, apresenta uma perspectiva mais positiva, indicando que a maioria dos reajustes salariais superou o INPC em 2022 e a expectativa é que essa tendencia continue, sugerindo uma emoção de alegria e uma polaridade positiva. O f3 confirma essa melhora ao apresentar dados concretos de aumento no número de negociacoes e no piso salarial, reforçando a emoção de alegria e a polaridade positiva. A emoção geral da noticia é de alegria, com uma polaridade positiva, pois embora ainda haja desafios, a tendencia é de melhoria nas condições salariais.",Cerca de 40% das negociações salariais não cobriram a inflação em 2022,"Entre 2021 e 2022, a proporção de reajustes salariais abaixo da inflação diminuiu de 49,7% para 40,6%, segundo o balanço do Salariômetro da Fipe.","Apesar disso, a maioria dos reajustes ainda superou o INPC, com 74,6% em 2022, e a expectativa para janeiro é que 82,4% das negociações também fiquem acima da inflação.","Os dados indicam uma melhora na recomposição salarial, com aumento no número de negociações e no piso salarial, que passou de R$ 1.352 para R$ 1.481 no período analisado."
3412,neutro,neutro,neutro,neutro,medo,negativo,alegria,positivo,neutro,neutro,"A manchete expressa uma expectativa de que haja consistência entre sinais e ações, sugerindo uma reflexão sobre a gestão econômica. A F1 reforça a importância de expectativas positivas para o desempenho econômico, o que indica uma emoção neutra, pois está transmitindo uma informação factual e esperada. A F2 apresenta uma visão de que o governo está dando sinais positivos, mas ainda precisa avançar em questões importantes para consolidar a credibilidade, o que sugere um sentimento de medo, pois existe uma incerteza sobre a realização dessas ações. A F3 contém uma previsão otimista de crescimento sustentável para 2023, caso haja confiança e ações consistentes, indicando alegria, mas reconhece desafios deixados pelo ciclo eleitoral, o que justifica uma polaridade positiva. O rótulo geral de emoção e polaridade é neutro, pois a notícia transmite informações factuais e expectativas, sem inclinar-se fortemente para uma emoção específica.","'Sinais têm de ser consistentes com as ações', diz Gianetti","Eduardo Giannetti destaca que as expectativas dos agentes econômicos influenciam diretamente o desempenho da economia brasileira, sendo fundamental administrar essas crenças com cuidado.","Ele avalia que o governo atual apresenta sinais positivos, mas ainda precisa consolidar um novo regime fiscal e avançar na reforma tributária para fortalecer a credibilidade e evitar crises.","Para 2023, o economista acredita que, com confiança e ações consistentes, será possível reduzir os juros primários e promover um crescimento mais sustentável, embora o legado do ciclo eleitoral de 2022 tenha deixado desafios fiscais e econômicos."
3431,medo,negativo,neutro,neutro,medo,negativo,surpresa,neutro,medo,negativo,"A manchete sinaliza uma potencial mudança nas políticas fiscais que podem impactar negativamente o consumidor, o que gera expectativa e incerteza. O f1 confirma a mudança, mas com um foco no objetivo do governo de aumentar a arrecadação e reduzir o déficit, o que pode ser visto como neutro em termos de emoção. O f2 menciona incertezas e impactos sociais e políticos, sugerindo uma emoção de medo. O f3 sugere uma tentativa do governo de mostrar controle e estabilidade, o que pode ser interpretado como neutro, mas a menção dos atos golpistas adiciona um elemento de surpresa. No geral, a notícia transmite incerteza e preocupação, caracterizando uma emoção geral de medo.",Pacote de medidas econômicas pode incluir volta de impostos federais sobre a gasolina,"O Ministério da Fazenda espera retomar a cobrança de tributos federais sobre gasolina e etanol a partir de março, como parte do primeiro pacote de medidas econômicas do governo Lula, visando reforçar a arrecadação e reduzir o déficit fiscal.","A prorrogação da isenção de tributos sobre combustíveis foi estendida até 28 de fevereiro, mas o fim da desoneração de diesel, gás de cozinha, biodiesel e GLP ainda é incerto, devido ao impacto social e político.","O anúncio oficial do pacote deve ocorrer até sexta-feira, com o governo buscando demonstrar força e normalidade após os atos golpistas de 8 de janeiro."
3434,surpresa,negativo,neutro,neutro,tristeza,negativo,neutro,neutro,neutro,neutro,"A manchete indica que a inflação poderia ter sido maior sem a redução de preços em itens específicos, sugerindo surpresa devido ao impacto dessas reduções. A f1 é neutra, pois apenas apresenta fatos sobre a inflação e os cortes de impostos. A f2 apresenta uma situação negativa com a alta de preços em alimentos e saúde, refletindo tristeza. A f3 apresenta uma situação de aumento de preços, mas de forma neutra, descrevendo a situação factualmente. O rótulo geral é neutro, pois embora haja elementos de surpresa e tristeza, a análise geral está focada em fatos e números.","Sem quedas na gasolina e na energia elétrica, IPCA teria sido de 9,56%, diz IBGE","O IPCA de 2022 ficou em 5,79%, acima da meta de inflação, com o resultado sendo parcialmente impactado por cortes de impostos e reduções de preços em itens como gasolina e energia elétrica.","Os principais fatores de alta foram alimentos, saúde e cuidados pessoais, que responderam por cerca de 66% da inflação do ano, impulsionados por aumentos em produtos como cebola, leite, batata e frutas.","O índice acelerou em dezembro devido a fatores sazonais e ao fim de promoções, refletindo uma maior disseminação de aumentos de preços em diversos setores."
3449,alegria,positivo,alegria,positivo,alegria,positivo,neutro,neutro,alegria,positivo,"A manchete expressa uma decisão de nomeação que pode ser vista como positiva, pois é uma ação proativa de gestão. O f1 confirma essa visão com a indicação de que a nomeação é feita para aumentar a arrecadação, sugerindo uma perspectiva de melhoria financeira. O f2 reforça a emoção de alegria ao destacar a experiência do nomeado e a expectativa de arrecadação. O f3 apresenta uma perspectiva positiva ao descrever um pacote de ajuste fiscal, embora também contenha informações neutras sobre as negociações e medidas propostas. A emoção geral é de alegria, pois a nomeação e as medidas propostas são vistas como passos positivos para a estabilidade financeira.",Haddad escolhe Carlos Higino de Alencar para presidir o Carf,"O ministro da Fazenda, Fernando Haddad, anunciou a nomeação de Carlos Higino Ribeiro de Alencar para presidir o Conselho Administrativo de Recursos Fiscais (Carf), visando aumentar a arrecadação tributária.","Alencar possui experiência na Receita Federal e em órgãos de controle, e sua nomeação faz parte de uma estratégia para ampliar a arrecadação, estimada em até R$ 53,77 bilhões com a redução da litigiosidade.","Haddad também negocia com o governo um pacote de ajuste fiscal de até R$ 223,08 bilhões em 2023, incluindo medidas de reversão de desonerações e busca por receitas extraordinárias."
3466,neutro,neutro,neutro,negativo,medo,negativo,medo,negativo,medo,negativo,"A manchete indica aumento da inflação, sugerindo uma tendência negativa, mas não carrega uma emoção forte, sendo classificada como Neutro. O f1 apresenta dados concretos de aumento dos custos, indicando uma tendência negativa, mas ainda dentro de uma apresentação factual, classificada como Neutro. O f2 menciona sinais de pessimismo e queda no Índice de Expectativas, sugerindo uma emoção de Medo pela antecipação de perdas futuras. O f3 reforça o cenário negativo com a expectativa de declínio na atividade do setor, especialmente em edificações residenciais, reiterando o Medo. O rótulo geral da notícia é Medo, pois apesar de começar de forma neutra, a tendência pessimista e a antecipação de dificuldades futuras dominam a emoção da notícia.","Inflação da construção sobe 0,27% em dezembro e 9,40% no ano","O INCC-M de dezembro de 2022 apresentou alta de 0,27%, acumulando 9,40% no ano, enquanto os custos de materiais, equipamentos e serviços tiveram aumento de 0,38%.","Apesar da desaceleração nos custos, a confiança dos empresários na construção permaneceu estável, mas com sinais de pessimismo quanto à demanda futura, refletido na queda do Índice de Expectativas.","A atividade do setor deve continuar refletindo o ciclo recente de desaceleração, com indicadores de demanda e utilização da capacidade em declínio, especialmente nas edificações residenciais."
3513,alegria,positivo,alegria,positivo,alegria,positivo,alegria,positivo,alegria,positivo,"A manchete expressa um resultado positivo e é claramente uma notícia de alegria, pois menciona um recorde nas exportações da cachaça, o que é uma conquista significativa. O fragmento f1 confirma esse sentimento ao detalhar o aumento substancial nas exportações, destacando o crescimento e o recorde atingido, o que indica uma polaridade positiva e emoção de alegria. O f2 continua com a mesma emoção e polaridade, ao explicar as causas do aumento, como o retorno das atividades econômicas e a expansão para novos mercados, reforçando a positividade com dados específicos de crescimento. O f3 reitera a alegria e a polaridade positiva ao citar ações promocionais e a retomada de eventos, com expectativa de crescimento futuro, indicando confiança e otimismo. A emoção geral da notícia é de alegria, com polaridade positiva, pois todos os fragmentos destacam crescimento e resultados positivos para o setor.",Mercado exportador de cachaça bate recorde em 2022,"Após a recuperação iniciada em 2021, o setor produtor de cachaça atingiu em 2022 um recorde de US$ 18,47 milhões em exportações, o maior valor em 12 anos e 54,74% superior ao de 2021.","O aumento foi impulsionado pelo retorno das atividades econômicas pós-pandemia, crescimento no volume exportado e expansão para novos mercados, como Portugal e Itália, com aumentos de 100% e 180%, respectivamente.","O Instituto Brasileiro da Cachaça (Ibrac) atribui esses resultados às ações de promoção internacional e à retomada dos eventos, com previsão de manter o crescimento nos próximos anos."
3527,alegria,positivo,neutro,neutro,alegria,positivo,alegria,positivo,alegria,positivo,"A manchete transmite uma visão positiva e otimista sobre o mercado imobiliário de São Paulo, o que indica alegria e polaridade positiva. f1 destaca um marco arquitetônico e histórico, que é uma informação neutra, mas relevante, sem polaridade forte. f2 confirma a superioridade da cidade em negócios imobiliários, com dados concretos de recuperação e demanda, indicando alegria e polaridade positiva. f3 reforça a estabilidade e o crescimento econômico do setor, com concentração de mercado e preços em alta, também sugerindo alegria e polaridade positiva.",Ranking 2022: SP é a melhor cidade para investir no mercado imobiliário,"O mercado imobiliário de São Paulo teve 2022 como um ano histórico, com a inauguração do prédio mais alto da cidade, o Platina 220, que atingiu 172 metros de altura.","A cidade foi reconhecida como a melhor para fazer negócios no setor imobiliário, refletindo sua forte demanda e recuperação após a pandemia, com ocupação elevada em áreas comerciais como Faria Lima, Itaim Bibi e Vila Olímpia.","Segundo especialistas, a demanda no setor imobiliário paulistano está quase totalmente estabilizada, com preços em alta e 30% de todo o mercado do país concentrado na capital."
3536,alegria,positivo,alegria,positivo,alegria,positivo,medo,negativo,alegria,positivo,"A manchete expressa alegria ao destacar o Brasil como um importante contribuinte para os empregos verdes mundiais. O f1 reforça essa emoção ao descrever o potencial da economia verde do Brasil devido à sua matriz energética, com uma polaridade positiva. O f2 segue com a mesma emoção e polaridade, apresentando dados concretos sobre investimentos futuros e potencial de crescimento em setores sustentáveis. O f3 introduz uma emoção de medo ao abordar os desafios na capacitação e expansão dos empregos verdes, indicando uma polaridade negativa devido a esses obstáculos.",Brasil já responde por 10% dos ‘empregos verdes’ no mundo,"A matriz energética do Brasil, com quase 50% de energia renovável, impulsiona o potencial da economia verde e a geração de empregos sustentáveis, respondendo por 10% dos empregos verdes mundiais.","O país possui grande potencial de crescimento em setores como eólica offshore, solar, hidrogênio verde e crédito de carbono, com investimentos estimados em US$ 200 bilhões até 2040.","Apesar do destaque, o mercado de trabalho brasileiro ainda enfrenta desafios na capacitação e na expansão rápida dos empregos verdes, sendo necessário ampliar a oferta de profissionais qualificados para atingir os objetivos de sustentabilidade e competitividade internacional."
3538,alegria,positivo,alegria,positivo,medo,negativo,neutro,neutro,neutro,neutro,"A manchete sugere uma expectativa positiva com a política fiscal de Lula, indicando que isso pode levar a uma queda do dólar, o que é geralmente visto como uma boa notícia. A f1 reforça essa expectativa, mencionando uma queda do câmbio para R$ 5, indicando alegria e polaridade positiva. A f2 introduz um elemento de cautela, mencionando desafios como alta dos juros e composição do Congresso, o que pode gerar medo e polaridade negativa. A f3 apresenta um cenário de estabilidade com responsabilidade fiscal, mas alerta para possíveis aumentos do dólar com políticas não ortodoxas, refletindo uma mistura de medo e alegria, mas com uma polaridade geral neutra devido ao equilíbrio entre cenários positivos e negativos.","Com política fiscal pragmática, Lula verá dólar a R$ 5, afirma Alejo Czerwonko","A adoção de uma política fiscal pragmática pelo presidente eleito Lula da Silva deve levar o câmbio para R$ 5 em 6 a 12 meses, segundo analistas.","O mercado está atento às restrições externas e internas, como a alta dos juros globais e a composição do Congresso, que podem dificultar aumentos de gastos públicos.","Caso o governo mantenha uma postura responsável, o cenário é de estabilidade cambial, mas políticas não ortodoxas podem elevar o dólar acima de R$ 5,50."
3545,neutro,neutro,neutro,neutro,alegria,positivo,neutro,neutro,neutro,neutro,"A manchete é neutra, pois transmite uma informação factual sobre a atualização das regras de controle de entrada e saída de dinheiro pela Receita Federal. Não há carga emocional ou especulação. O f1 é neutro, pois também é informativo sobre a atualização das regras de acordo com a nova lei, sem expressar opinião. O f2 apresenta alegria, pois indica uma facilitação para os viajantes, aumentando o limite de valor sem declaração, o que pode ser visto como uma melhoria nas regras existentes. O f3 é neutro, pois detalha a publicação da Instrução Normativa e as alterações nos procedimentos aduaneiros, sem carga emocional ou especulação. A emoção geral da notícia é neutra, pois a maioria das partes é informativa e não expressa sentimentos.",Receita atualiza regras de controle de entrada e saída de dinheiro,"A Receita Federal atualizou as regras de controle de entrada e saída de moeda em espécie, alinhando-se à nova Lei de Câmbio e Capitais Internacionais (Lei nº 14.286/2021), que entrou em vigor em 30 de dezembro de 2022.","A principal mudança é o aumento do limite de valor sem declaração de R$ 10 mil para US$ 10 mil ou equivalente, exigindo a declaração eletrônica para valores superiores, além da exclusão do controle para cheques e cheques de viagem.","A Instrução Normativa nº 2.117/2022, publicada em 28 de dezembro, alterou procedimentos relacionados ao controle aduaneiro e às declarações eletrônicas de valores e bens de viajantes."
3549,neutro,neutro,neutro,neutro,alegria,positivo,neutro,neutro,neutro,neutro,"A manchete reflete uma etapa formal no processo orçamentário, portanto, neutra. O f1 menciona um corte nas despesas, o que poderia ser negativo, mas é apresentado como parte de um processo orçamentário regular, mantendo a neutralidade. O f2 inclui uma perspectiva positiva com a alocação de recursos para programas sociais e aumento do salário mínimo, o que gera sentimentos de alegria e esperança. O f3 reflete a incerteza e as negociações necessárias para ajustar o orçamento, o que é neutro, pois não indica uma emoção clara.",CMO aprova relatório preliminar do Orçamento 2023,"A Comissão Mista de Orçamento (CMO) aprovou o relatório preliminar de Marcelo Castro, que propõe um corte de 1,3% nas despesas discricionárias do governo para financiar emendas.","O documento prevê R$ 105 bilhões para pagamento de parcela do Auxílio Brasil, com a equipe de Lula buscando liberar recursos adicionais por meio da PEC da Transição para ampliar programas sociais e garantir aumento do salário mínimo.","A proposta ainda depende de negociações no Congresso, incluindo ajustes no Orçamento de 2023 e possíveis mudanças nas regras fiscais para atender às demandas do governo eleito."
3568,neutro,negativo,medo,negativo,medo,negativo,medo,negativo,medo,negativo,"A manchete sugere uma desaceleração econômica, o que normalmente reflete sentimentos de medo e negatividade devido à incerteza econômica. No entanto, a menção de uma recuperação leve em 2024 traz um elemento de esperança, que pode atenuar a emoção dominante para neutro. f1 aborda claramente uma situação de medo e negatividade, com palavras-chave como 'desaceleração', 'choque energético', 'guerra', 'inflação' e 'reduz a confiança'. f2 contém uma mistura de medo e neutro, mas a emoção dominante é medo, com a desaceleração econômica nos EUA e Europa, apesar da recuperação modesta nas economias emergentes asiáticas. f3 reforça a emoção de medo com a previsão de inflação elevada e riscos econômicos altos, embora também mencione uma diminuição gradual da inflação. No geral, a notícia reflete uma emoção de medo, com polaridade negativa devido às previsões de desaceleração e incertezas econômicas.",OCDE: economia global deve desacelerar em 2023 e se recuperar levemente em 2024,"A OCDE prevê que a economia global desacelere ainda mais em 2023, devido ao impacto do choque energético causado pela guerra na Ucrânia, que aumenta a inflação e reduz a confiança das famílias.","O crescimento deve ser de 3,1% em 2023, com uma recuperação modesta para 2,2% em 2024, impulsionada principalmente pelas economias emergentes asiáticas, enquanto Estados Unidos e Europa desaceleram.","A organização alerta que a inflação deve permanecer elevada, mas deve diminuir gradualmente, enquanto os riscos econômicos permanecem altos devido à crise energética e às incertezas globais."
3583,neutro,neutro,alegria,positivo,medo,negativo,neutro,neutro,neutro,neutro,"A manchete indica uma necessidade de responsabilidade fiscal e reformas para garantir a expansão econômica, sugerindo uma abordagem cautelosa e estruturada, o que pode ser interpretado como neutro devido ao seu caráter informativo. No f1, Campos Neto reconhece a complexidade econômica global e elogia as reformas no Brasil, o que gera uma emoção de alegria pela superação de expectativas e uma polaridade positiva. O f2 introduz elementos de incerteza e volatilidade na economia mundial, causados pela pandemia e conflitos, o que gera uma emoção de medo e uma polaridade negativa. O f3 reforça a necessidade de um plano coeso de responsabilidade fiscal e reformas para crescimento sustentável, mantendo uma abordagem cautelosa e informativa, o que pode ser considerado neutro. No geral, a notícia apresenta uma postura cautelosa e informativa, com foco na necessidade de reformas e responsabilidade fiscal, o que a torna geralmente neutra.","Só plano com responsabilidade fiscal e reformas garante expansão, diz Campos Neto","O presidente do Banco Central, Roberto Campos Neto, destacou a complexidade da situação econômica global e a importância de reformas, especialmente em países emergentes, ressaltando que o Brasil é uma exceção por ter realizado várias mudanças.","Ele afirmou que a pandemia deixou cicatrizes profundas na economia mundial, agravadas pela invasão da Rússia na Ucrânia, e que a inflação tende a ser mais volátil, exigindo cautela com a política fiscal.","Para garantir crescimento sustentável, Campos Neto defendeu um plano coeso de responsabilidade fiscal, reformas e políticas que equilibrem aspectos sociais e a atração de investimentos externos."
3588,medo,negativo,medo,negativo,neutro,neutro,surpresa,negativo,medo,negativo,"A manchete expressa uma emoção de medo, refletindo a incerteza e a percepção de dificuldade na luta contra a inflação. A polaridade é negativa devido ao reconhecimento dos desafios. No f1, a emoção também é de medo, pois o presidente do BC destaca a cautela e a complexidade na desaceleração da inflação, reforçando a incerteza e polaridade negativa. O f2 apresenta uma emoção neutra, com informações factuais sobre desonerações e gastos na pandemia, resultando em uma polaridade neutra. Por fim, o f3 reflete uma emoção de surpresa, devido ao alívio em alguns setores do IPCA, mas com uma polaridade negativa, pois reforça a necessidade de perseverança, indicando que a situação ainda é preocupante. O rótulo geral é de medo com polaridade negativa, pois o contexto geral é a dificuldade e cautela na luta contra a inflação.","Luta contra inflação é longa e árdua, diz presidente do BC","O presidente do Banco Central, Roberto Campos Neto, afirmou que a instituição mantém uma postura cautelosa diante da desaceleração da inflação no Brasil, considerando a luta contra a alta de preços uma tarefa longa e complexa.",Ele destacou que grande parte da recente desinflação foi impulsionada por desonerações tributárias e que o país gastou menos do que a média global na pandemia de covid-19.,"Campos Neto também comentou que o IPCA de outubro, que subiu 0,59%, apresentou alívio em alguns núcleos, como serviços, reforçando a necessidade de perseverança na política de controle inflacionário."
3597,alegria,positivo,neutro,neutro,neutro,neutro,alegria,positivo,alegria,positivo,"A manchete sugere uma ação positiva e solidária da UE, caracterizando uma emoção de alegria com polaridade positiva. O f1 confirma essa alegria, com a proposta de ajuda financeira substancial, mas mantém um tom neutro devido à apresentação factual. O f2 também tem um tom neutro, detalhando a natureza dos empréstimos e como eles serão utilizados, reforçando a ideia de apoio, mas sem expressar emoção intensa. O f3 mostra agradecimento e continuação do apoio, indicando alegria e polaridade positiva, mas com uma abordagem neutra devido à informação factual sobre a aprovação pendente e o reconhecimento da assistência. Geral: A notícia como um todo transmite uma emoção de alegria, com polaridade positiva, refletindo a solidariedade e apoio financeiro da UE à Ucrânia.",UE propõe pacote de ajuda de € 18 bilhões à Ucrânia em 2023,"A Comissão Europeia propôs um pacote de ajuda financeira de aproximadamente 18 bilhões de euros para a Ucrânia em 2023, visando cobrir suas necessidades de curto prazo.","O pacote inclui empréstimos com condições favoráveis, que poderão ser complementados por outros doadores e utilizados para manter serviços públicos essenciais e reconstruir infraestrutura afetada pela guerra.","A iniciativa ainda aguarda aprovação do Parlamento Europeu e dos países da UE, enquanto a Ucrânia agradeceu a solidariedade europeia e continua recebendo assistência financeira do bloco."
3607,neutro,neutro,neutro,neutro,neutro,neutro,neutro,neutro,neutro,neutro,"A manchete expressa uma ação do Banco Central, indicando algo positivo e informativo. A emoção é neutra, pois apenas informa uma ação do BC. F1 segue a mesma linha, destacando a importância da iniciativa e a continuidade de um processo, o que também é neutro. F2 traz detalhes sobre a proposta, focando em simplificação e consolidação de normas, o que sugere uma emoção de alegria pela melhoria e eficiência, mas a linguagem ainda é neutra devido ao caráter informativo. F3 informa que outras propostas serão apresentadas e que as primeiras consultas estão prontas, o que mantém o tom neutro. No geral, a notícia é neutra, pois informa sobre um processo regulatório em andamento sem expressar juízo de valor.",Banco Central lança 3ª consulta de novo marco cambial sobre capital brasileiro no exterior,"O Banco Central lançou a terceira consulta pública sobre o novo marco cambial, que entra em vigor no final de dezembro, abordando aspectos relacionados ao capital brasileiro no exterior.","A proposta inclui a possibilidade de aplicar o capital em qualquer modalidade do mercado internacional, além de regras para prestação de informações e manutenção de declarações, com foco na simplificação e consolidação de normas.","Outras propostas de regulamentação ainda serão apresentadas pelo BC ao longo do próximo ano, enquanto as primeiras consultas já possuem minutas de norma prontas para votação após a entrada em vigor da lei."
3635,medo,negativo,medo,negativo,medo,negativo,medo,negativo,medo,negativo,"A manchete indica fluxo cambial negativo, sugerindo uma emoção de medo devido à incerteza econômica. A polaridade é negativa. O f1 continua com a confirmação do fluxo negativo, reforçando o medo e a polaridade negativa. O f2 detalha as saídas líquidas no canal financeiro e comércio exterior, mantendo a emoção de medo pela continuidade das perdas e a polaridade negativa. O f3 apresenta um resultado acumulado positivo no ano, mas inferior ao do ano anterior, o que pode gerar uma emoção de medo pela comparação desfavorável e uma polaridade negativa. A emoção geral é de medo, devido à preocupação com a situação econômica, e a polaridade é negativa.",Fluxo cambial total brasileiro em outubro até o dia 21 é negativo em US$ 2 798 bi,"O Brasil registrou um fluxo cambial negativo de US$ 2,798 bilhões em outubro até o dia 21, segundo o Banco Central, após encerramento de setembro com saídas líquidas de US$ 3,850 bilhões.","No período, o canal financeiro apresentou saídas líquidas de US$ 536 milhões, enquanto o comércio exterior teve saldo negativo de US$ 2,262 bilhões, refletindo importações de US$ 14,228 bilhões e exportações de US$ 11,966 bilhões.","Apesar do resultado negativo em outubro, o fluxo cambial acumulado no ano até o dia 21 permanece positivo em US$ 14,538 bilhões, embora inferior ao mesmo período de 2022, que foi de US$ 18,025 bilhões."
3667,tristeza,negativo,tristeza,negativo,tristeza,negativo,medo,negativo,tristeza,negativo,"A manchete expressa 'Tristeza' com polaridade 'negativa' devido ao impacto negativo da crise cambial argentina nas vendas dos shoppings uruguaios, sugerindo uma perda econômica. f1 também transmite 'Tristeza' e é negativo, destacando como os consumidores argentinos estão preferindo gastar na Argentina, prejudicando as vendas uruguaias. f2 reforça 'Tristeza' com polaridade negativa, apresentando números concretos de perdas econômicas. f3 apresenta uma mistura de 'Medo' e 'Tristeza', mas com o rótulo dominante de 'Medo' e polaridade negativa, pois apesar dos planos de investimento, há uma previsão de crescimento econômico reduzido para o Uruguai em 2023, o que gera incerteza e antecipa possíveis dificuldades econômicas. O rótulo geral é 'Tristeza' com polaridade 'negativa', pois a crise cambial e suas consequências predominam como o tema central da notícia.",Shoppings uruguaios perdem vendas com crise cambial na Argentina,"A crise cambial na Argentina tem impactado as vendas do setor varejista uruguaio, com turistas e consumidores optando por gastar no país vizinho devido aos preços mais baixos e à instabilidade econômica argentina.","Como resultado, as vendas dos shoppings no Uruguai devem ficar cerca de 5% abaixo do nível de 2019, e a receita anual crescerá aproximadamente pela metade do previsto inicialmente.","Apesar dos obstáculos econômicos, o empresário Carlos Lecueder planeja novos investimentos no interior do Uruguai, enquanto as projeções de crescimento do PIB para 2023 indicam uma desaceleração para 3%."
3668,desprezo,negativo,medo,negativo,surpresa,neutro,medo,negativo,medo,negativo,"A manchete transmite um sentimento de desprezo, pois desconsidera a recessão como algo irrelevante, apesar das adversidades. A polaridade é negativa por ignorar uma situação econômica potencialmente grave. f1 possui medo, devido à incerteza refletida na queda das ações, indicando preocupação com o futuro, com polaridade negativa. f2 tem uma polaridade neutra com uma emoção de surpresa, pois enquanto os executivos afirmam bons resultados, os indicadores mostram sinais de desaceleração, criando uma contradição inesperada. f3 possui medo com uma polaridade negativa, pois indica desafios e incertezas sobre o crescimento futuro do setor. No geral, a emoção dominante é o medo, com uma polaridade negativa, devido às incertezas e sinais de desaceleração.","Em Las Vegas é sempre festa e não importa a ""suposta recessão""","Apesar do otimismo de executivos do setor de jogos de azar, as ações de cassinos sofreram uma queda de 37% em 2023, refletindo incertezas no mercado global.","Enquanto alguns líderes afirmam que suas empresas continuam a alcançar bons resultados e não percebem deterioração no consumo, indicadores como a estabilidade da receita em Nevada e a redução do tráfego de veículos sugerem sinais de desaceleração.","O setor, tradicionalmente resistente a crises, enfrenta desafios que podem indicar uma transição para um crescimento mais moderado ou uma recessão suave."
3674,neutro,neutro,neutro,neutro,neutro,neutro,neutro,neutro,neutro,neutro,"A manchete expressa uma informação neutra, pois não indica uma emoção clara, mas sim uma ação governamental de enviar projetos de lei ao Congresso. F1 apresenta informações neutras sobre a destinação de valores para estatais, sem indicar emoção clara. F2 também é neutro, pois detalha o uso dos valores para estatais específicas e objetivos de manutenção e modernização, sem expressar emoção. Geralmente, a notícia é neutra, pois se concentra em informar ações governamentais sem carregar uma carga emocional.","Projeto de lei busca crédito extra para Infraero, Correios e outras estatais","O presidente Jair Bolsonaro enviou ao Congresso projetos de lei que autorizam a abertura de R$ 113,3 milhões em créditos suplementares para diversas estatais, incluindo TBG, CDP, Infraero e Correios, com destinações específicas para operações, investimentos e melhorias em infraestrutura.","Além disso, foi formalizado o envio de um crédito de R$ 2 milhões para a CBTU-MG, visando a manutenção e modernização do sistema metroferroviário, e de R$ 26,5 milhões para a INB, com o objetivo de atender à Medida Provisória nº 1.133/2022 e ampliar o controle da ENBPar sobre a INB, além de um crédito de R$ 6,3 milhões para a ENBPar, cujo valor será dividido com o Banco do Nordeste..",
3685,medo,neutro,neutro,neutro,neutro,neutro,alegria,neutro,neutro,neutro,"A manchete indica uma ação proativa para controlar a inflação, o que pode gerar uma percepção de medo devido ao impacto econômico dos aumentos de juros. No entanto, também pode ser vista como uma ação necessária e responsável, o que contribui para uma polaridade neutra. O parágrafo f1 apresenta uma informação factúl e técnica, sem carga emocional clara, o que o torna neutro. O f2 também é neutro, pois discute a importância de monitorar o impacto das políticas monetárias, sem expressar uma emoção dominante. O f3 apresenta uma expectativa positiva de convergência da inflação à meta, o que pode gerar uma emoção de alegria, embora a informação seja apresentada de maneira neutra e factual. No geral, a notícia é neutra, pois apresenta informações técnicas sobre a política monetária, mas com uma ligeira inclinação para o medo na manchete devido às implicações econômicas dos aumentos de juros.",Economista-chefe do BCE fala em novos aumentos de juros para controle de inflação,"O economista-chefe do Banco Central Europeu, Philip Lane, afirmou que o BCE planeja elevar as taxas de juros nas próximas reuniões para garantir o retorno da inflação à meta de 2%.","Ele destacou a importância de monitorar o impacto dessas mudanças na transmissão da política monetária e ajustá-la conforme a força ou fraqueza dessa transmissão, além de considerar os efeitos da política monetária internacional, especialmente dos EUA.","Lane ressaltou que, embora a inflação não possa ser trazida de volta à meta no curto prazo, indicadores indicam uma convergência para níveis compatíveis com a meta ao longo de 2024, e que o BCE busca manter as expectativas de inflação ancoradas."
3691,alegria,positivo,alegria,positivo,alegria,positivo,alegria,positivo,alegria,positivo,"A manchete expressa uma ação do Banco Central para sustentar a economia, sugerindo alegria e positividade pelo esforço econômico. O f1 detalha a retomada do programa com números concretos, mantendo a alegria e a positividade devido ao movimento proativo do BC chinês. O f2 explica os motivos da retomada, mencionando desafios econômicos, mas foca nos esforços positivos do governo, mantendo a alegria e a polaridade positiva. O f3 sugere possibilidades futuras de uso do PSL, incluindo apoio ao setor imobiliário, o que indica expectativas otimistas e alegria, com polaridade positiva. No geral, a notícia reflete alegria e positividade pela ação econômica do Banco Central e as possíveis melhorias econômicas.",BC chinês retoma programa de crédito suplementar para sustentar economia,"O Banco do Povo da China retomou seu programa de crédito suplementar (PSL) em setembro, após mais de dois anos de suspensão, emitindo 108,2 bilhões de yuans para bancos estatais.","A medida ocorre em meio a esforços do governo chinês para estimular a economia, especialmente em projetos de infraestrutura, após impactos da covid-19 e desaceleração do setor imobiliário.","Economistas sugerem que o PSL pode também ser utilizado para apoiar o setor imobiliário local, garantindo a entrega de casas e impulsionando o crescimento econômico."
3711,alegria,positivo,alegria,positivo,medo,negativo,alegria,positivo,alegria,positivo,"A manchete transmite alegria devido ao crescimento econômico inesperado, que é positivo. f1 confirma a emoção de alegria com dados positivos, enquanto f2 introduz medo devido à instabilidade econômica e à desvalorização da libra esterlina, ambos negativos. f3 traz de volta a esperança de evitar a recessão, o que reflete alegria, com uma polaridade positiva. No geral, a emoção dominante é a alegria, apesar dos medos pontuais, indicando uma polaridade positiva.",Economia britânica evita recessão ao registrar crescimento no 2º trimestre,"A economia britânica cresceu 0,2% no segundo trimestre, revisando a estimativa anterior de contração de 0,1%, o que diminui os temores de recessão.","Apesar do crescimento, o cenário permanece complexo devido às medidas econômicas do governo, que provocaram instabilidade nos mercados e desvalorização da libra esterlina.","Analistas destacam que, embora a economia continue fragilizada, há uma esperança de evitar uma recessão técnica no momento."
3727,neutro,neutro,neutro,neutro,alegria,positivo,alegria,positivo,alegria,positivo,"A manchete reflete uma ação da Petrobras que é uma obrigação legal, o que gera uma emoção de Neutro, pois não é uma decisão voluntária ou que indique uma situação extremamente positiva ou negativa. O f1 reitera essa obrigação e apresenta dados factuais sobre o desinvestimento, mantendo a emoção Neutra. O f2 traz uma emoção de Alegria, com ência de novos projetos e investimentos em energias renováveis, indicando otimismo. O f3 reforça a emoção de Alegria, destacando o papel relevante da indústria na transição verde e o potencial de investimentos, indicando confiança e crescimento. A emoção geral é Alegria, devido ao foco nas oportunidades de investimento e no papel da indústria na sustentabilidade, que são aspectos positivos.",Ministro de Minas e Energia diz que Petrobras venderá refinarias para honrar acordo com Cade,"O ministro de Minas e Energia, Adolfo Sachsida, afirmou que a Petrobras deve vender todas as refinarias previstas no plano de desinvestimento, cumprindo acordo com o Cade que visa reduzir a concentração do mercado de 98% para 80%.","Ele também destacou a retomada das obras do linhão de energia Manaus-Boa Vista e incentivou investimentos em Cédula de Produto Rural Verde, além de solicitar apoio privado para a revitalização da CPRM e seu museu de geologia.","Durante o evento Rio Oil & Gas, o setor foi destacado como uma indústria descarbonizada, com potencial de investimentos de US$ 183 bilhões nos próximos dez anos e papel relevante na transição para uma economia verde no Brasil."
3737,neutro,neutro,neutro,neutro,neutro,neutro,neutro,neutro,neutro,neutro,"A manchete sugere neutralidade, focando em uma projeção financeira sem expressar claramente uma emoção. O f1 contém informações neutras sobre projeções financeiras, mas menciona um aumento nas despesas, o que pode gerar um sentimento de medo ou cautela. No entanto, o texto é essencialmente informativo, mantendo a neutralidade. O f2 apresenta informações factuais sobre revisões de previsões econômicas, com uma ligeira inclinação para a alegria devido à redução da inflação e ajustes positivos em câmbio e petróleo, mas ainda dentro de um contexto neutro. O f3 é neutro, focando na manutenção da taxa Selic, uma informação rotineira para o mercado financeiro.",Governo projeta despesas com Previdência em quase R$ 6 bilhões,"O Ministério da Economia revisou suas projeções de receitas e despesas para 2022, aumentando as estimativas de arrecadação com dividendos de estatais, royalties e beneficiários previdenciários.","Além disso, manteve a previsão de crescimento econômico em 2,70% e reduziu a inflação estimada pelo IPCA para 6,30%, enquanto ajustou o câmbio médio para R$ 5,2 e o preço do petróleo para US$ 100,5 por barril.","O relatório também destacou a manutenção da taxa Selic em 13,75% pelo Banco Central, após o ciclo de aperto monetário."
3769,neutro,neutro,alegria,positivo,medo,negativo,medo,negativo,medo,negativo,"A manchete transmite uma proposta de ação do ministro Paulo Guedes, o que gera expectativa e possivelmente alegria entre os enfermeiros, mas não tem uma carga emocional forte. É classificada como neutra. O f1 apresenta uma proposta específica de desoneração, o que pode ser visto como algo positivo para o setor de saúde e os enfermeiros, transmitindo alegria. O f2 introduz incertezas sobre a viabilidade da proposta, o que gera medo devido à falta de estimativas e fontes de recursos, refletindo uma polaridade negativa. O f3, por sua vez, relata a suspensão da lei e a incerteza do julgamento, o que também gera medo pela possibilidade de não concretização do piso salarial, mantendo a polaridade negativa. A emoção geral da notícia é medo, com uma polaridade negativa, devido à incerteza e possíveis dificuldades para a implementação do piso salarial.",Guedes defende cortar tributo para bancar piso salarial de enfermagem,"O ministro da Economia, Paulo Guedes, passou a defender a desoneração da folha de pagamentos do setor de saúde para compensar o piso salarial dos profissionais de enfermagem.","A medida ainda não possui estimativas de impacto na arrecadação nem definição de fontes de recursos, enquanto a lei que estabeleceu o piso está suspensa por liminar do STF.","O julgamento sobre a validade da norma deve ser concluído até quarta-feira, com o placar atual de 5 a 2 pela suspensão da lei."
3805,alegria,positivo,alegria,positivo,medo,neutro,medo,neutro,alegria,positivo,"A manchete apresenta uma notícia positiva sobre a aprovação de uma linha de crédito ao Chile pelo FMI, indicando uma oportunidade para fortalecer suas reservas. A seção f1 reitera essa visão positiva ao destacar a ausência de condicionalidades, sugerindo uma confiança do FMI no Chile. No entanto, f2 menciona pressões cambiais e aumento de juros, o que pode gerar uma sensação de cautela, mas não chega a ser negativo. F3 reforça a ideia de preparação para cenários adversos, indicando uma postura de precaução. No geral, a notícia tem uma polaridade positiva, pois destaca medidas proativas e confiança internacional.","FMI aprova linha de crédito de US$ 18,5 bilhões ao Chile","O Fundo Monetário Internacional (FMI) aprovou um acordo de linha de crédito flexível de US$ 18,5 bilhões para o Chile, com o objetivo de fortalecer suas reservas e atuar como seguro contra riscos globais.","O programa, que não possui condicionalidades, visa atender às necessidades de balança de pagamentos do país diante de pressões cambiais e aumento da taxa de juros para 9,75%, a maior em 24 anos.","A medida busca garantir a resiliência econômica do Chile frente a cenários adversos, incluindo desaceleração global e volatilidade de commodities."
3810,tristeza,negativo,surpresa,negativo,neutro,neutro,alegria,positivo,neutro,neutro,"A manchete expressa tristeza devido ao déficit registrado nas contas externas, o que indica um resultado negativo. No entanto, f1 detalha a reversão de um superávit anterior, o que pode gerar surpresa devido à mudança inesperada. f2 apresenta informações neutras, explicando os fatores que levaram ao resultado, sem expressar emoção clara. f3, por sua vez, mostra um dado positivo com o aumento das reservas internacionais, refletindo alegria. A emoção geral da notícia é neutra, pois apesar de notícias negativas e positivas, a notícia foca na apresentação de fatos.","Contas externas tiveram déficit de US$ 3,5 bilhões em maio","As contas externas brasileiras registraram déficit de US$ 3,5 bilhões em maio de 2022, revertendo o superávit de US$ 2,5 bilhões no mesmo mês do ano anterior.","O resultado foi influenciado pelo aumento dos déficits em serviços, renda primária e na conta de transporte, apesar de uma balança comercial de bens superavitária, com exportações de US$ 30 bilhões e importações de US$ 26,6 bilhões.","As reservas internacionais aumentaram US$ 1,3 bilhão, totalizando US$ 346,4 bilhões, impulsionadas por variações de preços e receitas de juros, conforme divulgado pelo Banco Central."
3826,tristeza,negativo,tristeza,negativo,surpresa,positivo,tristeza,negativo,tristeza,negativo,"A manchete transmite tristeza e polaridade negativa devido à perda de empregos e fechamento de empresas, refletindo resultados concretos da pandemia. O f1 segue a mesma emoção e polaridade, enfatizando a retração econômica no setor comercial. O f2, apesar de estar dentro do contexto negativo, apresenta uma emoção de surpresa e uma polaridade positiva devido ao crescimento do comércio eletrônico, que é uma reação inesperada ao cenário geral de crise. O f3 retorna à tristeza com uma polaridade negativa, reiterando a retração econômica e mudanças nos padrões de consumo. A emoção geral é de tristeza, pois as perdas superam os ganhos pontuais.","Pandemia gerou recorde de demissões e fechamento de empresas comerciais, diz IBGE","O primeiro ano da pandemia de covid-19 resultou na perda de mais de 400 mil empregos e no fechamento de mais de 100 mil empresas no Brasil, refletindo o impacto da crise no comércio varejista e de veículos.","Apesar das dificuldades, houve crescimento no comércio eletrônico, que dobrou o número de empresas que realizam vendas pela internet em 2020.",Os resultados evidenciam a forte retração econômica e a mudança nos padrões de consumo e operação do setor comercial durante o período.
3844,tristeza,negativo,tristeza,negativo,medo,negativo,medo,negativo,tristeza,negativo,"A manchete traz uma emoção de tristeza devido ao contraste entre o salário ideal e o atual, evidenciando um problema econômico significativo. A polaridade é negativa. O f1 reforça essa emoção de tristeza ao destacar a disparidade entre o salário mínimo ideal e o real, com uma polaridade negativa. O f2 apresenta uma emoção de medo ao apontar o impacto da cesta básica no poder de compra, sugerindo incertezas econômicas e uma polaridade negativa. O f3, embora mencione redução nos preços de alguns alimentos, foca no aumento de outros, gerando uma emoção de medo devido à persistência das pressões inflacionárias, com uma polaridade negativa. Geralmente, a notícia transmite uma emoção de tristeza e uma polaridade negativa devido ao destaque das dificuldades econômicas enfrentadas pelas famílias.","Salário mínimo ideal para uma família deveria ser R$ 6.388,55, calcula Dieese","Segundo o Dieese, o salário mínimo ideal para atender às necessidades de uma família de quatro pessoas em julho seria de R$ 6.388,55, valor 5,27 vezes maior que o piso atual de R$ 1.212.","A pesquisa aponta que o custo da cesta básica, mais cara em São Paulo, impacta o poder de compra dos trabalhadores, que destinam cerca de 59% de seu rendimento para alimentação.","Apesar de algumas reduções nos preços de alimentos, como batata e tomate, o aumento de produtos como banana e derivados de trigo evidencia a persistência de pressões inflacionárias no mercado interno."
3862,surpresa,neutro,tristeza,negativo,medo,negativo,tristeza,negativo,medo,negativo,"A manchete gera uma sensação de surpresa, pois chama atenção para uma estratégia adotada pelos argentinos em resposta à inflação, mostrando uma adaptação ao contexto econômico desafiador. A surpresa é neutra, pois não indica claramente se a situação é positiva ou negativa. O f1 expressa tristeza, pois detalha como a hiperinflação afeta negativamente a vida dos argentinos, evidenciada pela necessidade de gastar rapidamente seus pesos e parcelar compras. O f2 reflete medo, pois a forte valorização do dólar e a desvalorização do peso agravam a pobreza e a instabilidade social, gerando incerteza sobre o futuro econômico. O f3 indica tristeza, pois o governo enfrenta dificuldades para controlar a inflação e estabilizar a economia, com desafios como aumento dos preços e escassez de produtos. No geral, a notícia reflete uma situação de medo, considerando que a incerteza econômica e a desvalorização do peso são os temas dominantes.",Como os argentinos estão driblando a inflação com dólar americano,"A crise econômica na Argentina é marcada por uma hiperinflação de 64% ao ano, levando os argentinos a adotarem estratégias como gastar rapidamente seus pesos e parcelar compras para tentar conter os efeitos da desvalorização.","A forte valorização do dólar americano, que é amplamente utilizado em transações de alto valor, reflete a perda de confiança na moeda local e o colapso do peso, agravando a pobreza e a instabilidade social.","O governo argentino busca medidas para controlar a inflação e estabilizar a economia, mas enfrenta dificuldades devido ao aumento dos preços, à escassez de produtos e à dívida com o FMI."
3864,neutro,neutro,neutro,neutro,neutro,neutro,neutro,neutro,neutro,neutro,"A manchete transmite uma expectativa estável do mercado sobre a Selic, sem indicar uma emoção forte, o que sugere uma classificação como neutra. O f1 reforça a estabilidade ao mencionar sinalizações do Copom e expectativas para a taxa Selic, também sendo neutro. O f2 apresenta um cenário de continuidade e estabilidade, com foco no controle da inflação e nas projeções futuras, permanecendo neutro. O f3 também indica estabilidade com pequenas variações nas estimativas econômicas, reforçando o sentimento neutro. A emoção geral da notícia é neutra, pois não há elementos que indiquem uma reação emocional intensa.","Selic no fim de 2022 permanece em 13,75% ao ano, prevê Focus","Após sinalizações do Copom de que o ciclo de alta de juros pode estar próximo do fim, a projeção para a taxa Selic no final de 2022 permaneceu em 13,75%, enquanto a expectativa para 2023 manteve-se em 11,00%.","O Banco Central indicou que continuará avaliando a necessidade de ajustes na política monetária, com foco na convergência da inflação às metas, e manteve as projeções para as taxas futuras até 2025.","Além disso, as estimativas para o crescimento do PIB, a relação dívida/PIB e o saldo da balança comercial tiveram pequenas variações, refletindo estabilidade nas perspectivas econômicas do país."
3886,tristeza,negativo,tristeza,negativo,tristeza,negativo,neutro,neutro,tristeza,negativo,"A manchete apresenta um resultado negativo, destacando o déficit primário, que remete a tristeza e negatividade. O f1 também foca no aspecto negativo, mencionando a crise econômica e a pandemia, que são eventos tristes e negativos. O f2, embora contenha informações sobre déficit e saldo positivo de governos regionais, é dominado pela negatividade dos déficits do Governo Central e das empresas estatais. O f3 apresenta uma expectativa de atualização dos dados e que o resultado estava dentro das estimativas do mercado, sugerindo um sentimento de neutro, pois não indica uma reação emocional forte. No geral, a emoção dominante da notícia é tristeza, dado o contexto econômico negativo.","Setor público tem déficit primário de quase R$ 33 bilhões em maio, revela BC","O setor público consolidado apresentou um déficit primário de R$ 32,993 bilhões em maio, o pior resultado para o mês desde 2020, refletindo a crise econômica causada pela pandemia de covid-19.","O resultado foi influenciado pelo déficit de R$ 40,018 bilhões do Governo Central, enquanto os governos regionais tiveram saldo positivo de R$ 7,332 bilhões, e as empresas estatais registraram déficit de R$ 307 milhões.","Apesar das defasagens nos dados, a expectativa é que as informações fiscais estejam atualizadas até agosto, e o resultado de maio ficou dentro das estimativas do mercado financeiro."
3896,tristeza,negativo,tristeza,negativo,neutro,neutro,alegria,positivo,tristeza,negativo,"A manchete expressa tristeza pela queda do PIB e a recessão técnica, uma situação negativa para a economia. O f1 reforça essa tristeza com a confirmação da recessão técnica. O f2 mostra uma emoção neutra ao destacar tanto aspectos negativos (queda nos estoques e investimentos) quanto positivos (crescimento do consumo privado e exportações). O f3, embora mencione riscos econômicos, foca em aspectos positivos como a força do mercado de trabalho e a ação do Federal Reserve, indicando uma emoção de alegria.","PIB dos EUA cai 0,9% no 2º tri e economia entra em recessão técnica","O Produto Interno Bruto dos Estados Unidos caiu 0,2% no segundo trimestre, marcando o segundo trimestre consecutivo de retração e configurando uma recessão técnica segundo a definição do governo.","A redução foi impulsionada pela queda nos estoques de negócios privados, investimentos em capital fixo e pelos efeitos de choques na cadeia de suprimentos, enquanto o consumo privado e as exportações apresentaram crescimento.","Apesar do cenário de risco, o mercado de trabalho permanece forte, com baixa taxa de desemprego, e o Federal Reserve elevou a taxa de juros em 0,75 ponto percentual, em meio à inflação recorde superior a 9%."
3899,medo,negativo,medo,negativo,medo,negativo,medo,negativo,medo,negativo,"A manchete apresenta uma lista de riscos, sugerindo uma notícia informativa mas com potencial de gerar medo devido à incerteza econômica. f1 detalha os riscos, incluindo a interrupção das exportações de gás russo, o que gera medo pela possibilidade de um impacto negativo na economia. f2 aborda inflação elevada, estagflação e dificuldades de endividamento, causando medo pela incerteza econômica e impacto negativo esperado. f3 menciona conflitos geopolíticos e a fragmentação econômica, que reforçam o medo e a preocupação com a estabilidade econômica e social global. A emoção dominante é medo, com polaridade negativa, refletindo a incerteza e os possíveis impactos negativos na economia mundial.","Os sete riscos para a economia mundial, segundo a FMI","O Fundo Monetário Internacional advertiu que a economia mundial enfrenta riscos que podem reduzir o crescimento global para 2,0% em 2023, incluindo a possibilidade de interrupção total das exportações de gás russo à Europa.","O relatório destaca a preocupação com a inflação elevada, a potencial estagflação e o aumento das dificuldades de endividamento em países de baixa renda, agravadas pelo aumento das taxas de juros e pela situação financeira tensa de muitas nações.","Além disso, o FMI alertou que conflitos geopolíticos, como a guerra na Ucrânia, podem levar à fragmentação da economia mundial e prejudicar a cooperação internacional, impactando a estabilidade econômica e social global."
3923,medo,negativo,medo,negativo,medo,negativo,medo,negativo,medo,negativo,"A manchete expressa uma mistura de emoções, mas tende para o medo, pois a redução da inflação para 2022 é positiva, enquanto a previsão para 2023 aumenta, gerando incerteza e preocupação. F1 também gera medo ao destacar que a inflação ainda ultrapassa a meta oficial e a previsão para 2023 continua a subir, sugerindo um cenário econômico incerto. F2 reforça o medo ao indicar que a inflação acima da meta persistirá por três anos consecutivos, refletindo deterioração das expectativas e uma política monetária restritiva. F3 também é marcada pelo medo, pois ajustes nas previsões do PIB, dívida/PIB e Selic indicam cautela e incerteza na economia brasileira. Geral: O medo é a emoção dominante, devido à persistente incerteza e deterioração das expectativas econômicas.","Mercado reduz previsão da inflação para 2022, mas para 2023 sobe pela 15ª vez","A projeção do IPCA de 2022 diminuiu pela terceira semana consecutiva, mas ainda ultrapassa a meta oficial, enquanto a de 2023 continua a subir e supera o intervalo de tolerância do Banco Central.","As estimativas indicam que os três anos consecutivos de inflação acima da meta persistirão, refletindo a deterioração das expectativas e a política monetária mais restritiva.","Além disso, as previsões para o crescimento do PIB, a relação dívida/PIB e a taxa Selic continuam a ser ajustadas, evidenciando um cenário de maior cautela na economia brasileira."
3927,neutro,positivo,neutro,positivo,neutro,positivo,neutro,positivo,neutro,positivo,"A manchete indica uma transição de um programa social, apresentando informação factual sobre o calendário de pagamento e o valor atual do benefício, o que sugere uma emoção neutra. No entanto, a polaridade é positiva, pois trata de um apoio financeiro a famílias vulneráveis. O f1 revela informação factual sobre o aumento futuro do benefício, indicando uma emoção neutra, mas com uma polaridade positiva devido ao aumento do valor. O f2 destaca a quantidade de famílias beneficiadas e a região com maior número de beneficiários, sugerindo uma emoção neutra, mas a polaridade é positiva, pois mostra o alcance do programa. O f3 apresenta critérios e flexibilidades do programa, sugerindo uma emoção neutra, com uma polaridade positiva devido à inclusão e suporte contínuo.",Governo paga última parcela do auxílio no valor R$ 400 a partir de segunda-feira; veja calendário,"O governo federal inicia em 18 de julho o pagamento do Auxílio Brasil, que passará de R$ 400 para R$ 600 a partir de agosto, até o final do ano, após aprovação da PEC dos Benefícios.","Mais de 18 milhões de famílias receberão os benefícios, com um valor médio de R$ 408,80, sendo a região Nordeste a que possui o maior número de beneficiários.","O programa, voltado para famílias em vulnerabilidade social, mantém critérios de elegibilidade e permite que beneficiários com aumento de renda permaneçam no programa por até 24 meses, desde que o aumento não ultrapasse R$ 525 por pessoa."
3958,tristeza,negativo,tristeza,negativo,medo,negativo,alegria,positivo,tristeza,negativo,"A manchete expressa uma notícia negativa com a queda nas vendas de veículos, indicando tristeza. O f1 detalha essa queda e a alta nas exportações, mantendo a tristeza devido ao foco na queda das vendas internas. O f2 menciona a retração na produção e os fatores globais que a causam, indicando medo pela incerteza e volatilidade econômica. O f3 apresenta uma visão mais otimista com projeções positivas para o ano, indicando alegria, embora ainda haja menção a restrições econômicas. A emoção geral é de tristeza, pois a notícia como um todo foca nas dificuldades enfrentadas pelo setor automobilístico.","Vendas de veículos caem 4,8% em junho, diz Anfavea","Em junho de 2022, as vendas de veículos no Brasil totalizaram 178,1 mil unidades, uma queda de 4,8% em relação a maio, enquanto as exportações tiveram alta de 2,7% no mesmo período.","A produção de veículos também apresentou retração de 1,1% em junho, com uma queda acumulada de 5% no primeiro semestre, devido à crise global dos semicondutores e fatores geopolíticos.","A Anfavea revisou suas projeções para o fechamento do ano, estimando um aumento de 4,1% na produção e de 22,2% nas exportações em comparação a 2021, apesar das restrições econômicas internas."
3972,medo,neutro,medo,neutro,tristeza,negativo,medo,neutro,medo,neutro,"A manchete indica um alerta sobre a necessidade de aumento de gastos públicos para sustentar o SUS, sugerindo uma emoção de medo devido à antecipação de dificuldades financeiras e incerteza. No entanto, a polaridade é neutra, pois é uma informação factúl sem carga opinativa. F1 reitera a necessidade de aumento, mantendo a emoção de medo pela antecipação de um desafio financeiro e a polaridade neutra. F2 destaca a desigualdade e o subfinanciamento, gerando uma emoção de tristeza pelo reconhecimento de problemas existentes e uma polaridade negativa. F3 sugere soluções práticas e factuais para resolver o problema, mantendo a emoção de medo pela necessidade de ações concretas e a polaridade neutra. No geral, a notícia expressa uma emoção de medo devido à antecipação de um problema financeiro e a necessidade de ações para resolvê-lo, com uma polaridade neutra predominante.","Gasto com saúde tem que aumentar para 4,7% do PIB para bancar SUS, aponta estudo","O Instituto de Estudos para Políticas de Saúde (IEPS) alerta que, para atender às necessidades do SUS até 2030, o gasto público em saúde deve atingir pelo menos 4,7% do PIB, valor que ainda não é alcançado pelo Brasil, cujo percentual atual é de 3,96%.","Apesar do aumento do gasto total com saúde nos últimos anos, a maior parte é financiada por famílias, resultando em subfinanciamento do sistema público e agravamento das desigualdades.","Para cumprir o compromisso regional de investir 6% do PIB em saúde até 2027, o próximo governo precisará ampliar os recursos públicos por meio de estratégias como redução de renúncias fiscais e aumento de tributação sobre setores que impactam a saúde da população."
3989,alegria,positivo,neutro,neutro,alegria,positivo,alegria,positivo,alegria,positivo,"A manchete expressa um sentimento de alegria com a promessa de ampliar a desoneração da folha de pagamentos, sugerindo otimismo com a redução de custos para setores econômicos. F1 mantém uma abordagem neutra ao detalhar a intenção sem especificar o impacto fiscal, apresentando informação factual. F2 possui uma mistura de emoções, mas a alegria predomina ao anunciar possíveis reduções de impostos e mudanças favoráveis nas políticas de pedágio. F3 também apresenta alegria ao destacar a independência do Banco Central e a não interferência, indicando confiança na política monetária. No geral, a notícia apresenta um sentimento predominantemente positivo devido às promessas de medidas econômicas favoráveis.",Bolsonaro diz que pretende ampliar desoneração da folha de pagamentos,"O presidente Jair Bolsonaro anunciou a intenção de ampliar a desoneração da folha de pagamentos, atualmente beneficiando 17 setores da economia, sem detalhar o impacto fiscal da medida.","Ele também defendeu a redução das alíquotas do IPI, a manutenção do teto de gastos e a possibilidade de rever a regra fiscal após as eleições, além de sugerir mudanças na fórmula de reajuste dos pedágios e a eliminação do pedágio para motocicletas.","Bolsonaro destacou a independência do Banco Central na condução da política monetária e afirmou que não pretende interferir na instituição, mesmo considerando solicitar a redução da taxa Selic, atualmente em 13,25%."
4044,neutro,neutro,medo,negativo,medo,negativo,neutro,neutro,medo,neutro,"A manchete indica uma reação estratégica dos estados contra a aprovação do teto para ICMS, o que sugere uma resposta proativa e de negociação, sem expressar emoção direta. f1 apresenta a estratégia dos secretários estaduais de Fazenda, indicando uma tentativa de mitigar os impactos negativos da decisão da Câmara, refletindo uma postura de medo sobre as perdas financeiras. f2 reforça o medo com estimativas de perdas financeiras e a pressão por medidas alternativas, enquanto também mostra a busca por soluções, o que pode indicar uma tentativa de manter a esperança e a neutralidade. f3 enfatiza a necessidade de soluções transitórias e conjuntas, refletindo uma postura neutra com foco em fatos e estratégias. No geral, a notícia transmite uma sensação de medo em relação às perdas financeiras, mas também uma tentativa de encontrar soluções, o que equilibra a polaridade para neutro.","Contra teto para ICMS, Comsefaz insistirá em conta de dividendos com Pacheco","Após a aprovação na Câmara dos Deputados do projeto que limita as alíquotas do ICMS sobre combustíveis, os secretários estaduais de Fazenda irão ao Senado defender a criação de uma conta de equalização com dividendos da Petrobras para conter a alta dos preços.","Os estados estimam uma perda de R$ 83,5 bilhões anuais com o projeto e continuam a pressionar pelo congelamento das alíquotas do ICMS, que se encerra em junho, além de defender a aprovação do PLP 1472, que propõe usar dividendos da Petrobras para reduzir os preços dos combustíveis.","A estratégia busca soluções transitórias para o aumento dos preços, enfatizando a necessidade de destinos específicos para os dividendos e medidas conjuntas com o Senado."
4056,alegria,positivo,alegria,positivo,neutro,neutro,alegria,positivo,alegria,positivo,"A manchete expressa uma mudança significativa na política monetária, o que pode ser interpretado como uma surpresa, mas devido ao contexto positivo de sair de um território negativo, a emoção dominante é alegria e a polaridade positiva. No f1, a afirmação de que o BCE se prepara para abandonar os juros negativos reforça a emoção de alegria e a polaridade positiva, pois é uma decisão esperada pelo mercado. No f2, a menção de um processo gradual e de monitoramento de fatores de risco indica cautela, mas não chega a ser medo, sendo considerado neutro. No f3, a sinalização de possíveis aumentos de taxas e saída do território negativo até o final do terceiro trimestre reforça a emoção de alegria e a polaridade positiva, pois é uma indicação clara de recuperação econômica. No geral, a notícia é predominantemente positiva, com uma emoção de alegria dominante.","Política monetária da zona do euro está em ponto de inflexão, diz Lagarde","A presidente do Banco Central Europeu, Christine Lagarde, afirmou que a política monetária na zona do euro está em um ""ponto de inflexão"" e que o BCE se prepara para abandonar os juros negativos.","Ela destacou que o processo de aumento das taxas deve ser gradual, sem pressa, e que a instituição monitora fatores como a taxa de câmbio e o risco de interrupção no fornecimento de gás russo.","Lagarde também sinalizou uma possível primeira alta das taxas em julho e a saída do território negativo até o final do terceiro trimestre, reforçando a intenção de manter a estabilidade econômica."
4069,alegria,positivo,neutro,neutro,alegria,positivo,alegria,positivo,alegria,positivo,"A manchete expressa uma expectativa de crescimento econômico, que é uma emoção de alegria e polaridade positiva. A f1 confirma essa expectativa, mas de uma forma mais factual, resultando em uma emoção neutra e polaridade neutra. A f2 também apresenta expectativas positivas de crescimento para os próximos anos, o que indica alegria e polaridade positiva. A f3, embora positiva em relação à recuperação econômica, menciona riscos externos, o que pode gerar uma sensação de cautela, mas ainda assim, a emoção predominante é de alegria com uma polaridade positiva. No geral, a notícia é predominantemente positiva e expressa alegria.","Ministério da Economia mantém projeção para alta do PIB de 2022 em 1,5%","O Ministério da Economia manteve a projeção de crescimento do PIB brasileiro em 1,5% para 2022, conforme divulgado em 19 de maio de 2022.","As projeções para 2023 a 2026 também permanecem em 2,50%, refletindo uma revisão altista das expectativas de mercado.","O documento destaca a recuperação do setor de serviços, investimentos e mercado de trabalho, embora ressalte a necessidade de monitorar riscos externos, como a guerra na Ucrânia."
4096,medo,negativo,tristeza,negativo,neutro,neutro,medo,negativo,medo,negativo,"A manchete anuncia um aumento no diesel, o que pode gerar sentimentos negativos devido ao impacto nos custos e na economia. No f1, a informação do aumento de quase 9% é objetiva, mas carrega uma polaridade negativa devido ao impacto financeiro. No f2, há uma explicação neutra sobre a necessidade do reajuste, sem carga emocional, mas a menção da incapacidade de refino nacional reflete uma situação negativa. No f3, a discussão sobre inflação e política de preços gera uma polaridade negativa, refletindo preocupação e incerteza.",Petrobras anuncia aumento do diesel a partir de terça-feira,"A Petrobras anunciou o aumento de quase 9% no preço do diesel em suas refinarias, válido a partir de 10 de maio, após 60 dias sem reajuste.","O reajuste reflete a valorização internacional do combustível e a necessidade de equilibrar preços com o mercado para garantir o abastecimento, já que a capacidade de refino nacional não atende toda a demanda.","O aumento ocorre em um contexto de alta da inflação, impulsionada pelos preços dos combustíveis, e gera debates sobre a política de preços da estatal e seu impacto na economia brasileira."
4104,neutro,neutro,medo,negativo,medo,negativo,medo,negativo,medo,negativo,"A manchete indica uma previsão de um ajuste menor na taxa Selic, sugerindo uma emoção de 'neutro' e polaridade 'neutro' devido à informação factual e esperada de ajuste monetário. O f1 reforça a neutralidade, mas com um tom de 'medo' devido à incerteza econômica, o que dá uma polaridade 'negativo'. O f2 mantém a emoção de 'medo' com a necessidade de cautela, resultando em uma polaridade 'negativo'. O f3 equilibra com uma abordagem cautelosa e dependente de fatores econômicos, mas ainda sugere 'medo' com polaridade 'negativo'. Geralmente, a notícia reflete um cenário de incerteza e cautela, predominando a emoção de 'medo' com polaridade 'negativo'.","Para próxima reunião, Copom prevê extensão do ciclo com ajuste menor","O Banco Central elevou a taxa Selic em 1 ponto porcentual, de 11,75% para 12,75% ao ano, mas sinalizou que pode realizar um novo aumento menor em junho devido à incerteza econômica.","O colegiado destacou a necessidade de cautela adicional diante do cenário de inflação elevada, expectativas desancoradas e riscos externos, mantendo a estratégia de aperto monetário até a consolidação da desinflação.","Apesar da previsão de continuidade do ciclo de alta, o BC afirmou que os próximos passos dependerão da evolução da atividade econômica, das projeções de inflação e do balanço de riscos."
4117,surpresa,negativo,alegria,positivo,alegria,positivo,medo,negativo,surpresa,negativo,"A manchete mostra um crescimento, mas abaixo do esperado, gerando uma emoção de surpresa com polaridade negativa devido à expectativa frustrada. O f1 indica uma recuperação após uma queda, o que pode ser visto como uma emoção de alegria com polaridade positiva, pois há um crescimento. O f2 confirma a recuperação parcial, sugerindo uma emoção de alegria com polaridade positiva. O f3 menciona uma greve que pode impactar a divulgação de dados futuros, trazendo uma emoção de medo com polaridade negativa devido à incerteza. Geralmente, a emoção dominante é a surpresa devido à expectativa não atendida, com uma polaridade negativa.","Prévia do PIB: IBC-Br sobe 0,34% em fevereiro, mas fica abaixo do esperado","A economia brasileira retornou ao crescimento em fevereiro, com o Índice de Atividade Econômica do Banco Central (IBC-Br) subindo 0,34% em relação ao mês anterior, após uma queda de 0,73% em janeiro revisada pelo BC.","O indicador apresentou expansão tanto na comparação anual quanto no acumulado do primeiro bimestre, indicando uma recuperação parcial da atividade econômica.","No entanto, a greve dos servidores do BC pode impactar a divulgação de dados futuros, mantendo a incerteza sobre o ritmo de recuperação econômica do país."
4132,alegria,positivo,neutro,neutro,alegria,positivo,alegria,positivo,alegria,positivo,"A manchete expressa um objetivo ambicioso e positivo, refletindo alegria por uma possível conquista no setor industrial. f1 apresenta uma análise neutra, focando em fatos sobre a crise dos semicondutores e a necessidade de uma indústria nacional. f2 possui elementos de alegria, mostrando a visão otimista e as oportunidades de políticas públicas e inovação. f3, embora mencione desafios, destaca a iniciativa como um passo importante, refletindo alegria. A emoção geral da notícia é alegria, com uma polaridade positiva, pois a notícia foca em uma possível superação de uma crise importante.",Presidente da Anfavea quer produção nacional de semicondutores,"A crise dos semicondutores, agravada por fatores como pandemia, guerra na Ucrânia e eventos climáticos extremos, revelou a fragilidade da cadeia global de produção e impulsionou a iniciativa de criar uma indústria nacional no Brasil, com previsão de implementação em dois a três anos.","O projeto busca atrair investimentos privados e reduzir a dependência de fornecedores asiáticos, considerando aspectos geopolíticos e ambientais, além de promover a descarbonização do setor automotivo por meio de políticas públicas e inovação tecnológica.","Apesar dos desafios econômicos e estruturais, a iniciativa representa um passo importante para fortalecer a indústria brasileira e garantir maior autonomia na produção de componentes essenciais."
4156,neutro,neutro,neutro,neutro,medo,negativo,neutro,neutro,neutro,neutro,"A manchete é neutra, pois não expressa uma emoção clara, apenas informa sobre assuntos importantes para a semana. O f1 é neutro, pois apresenta informações factuais sobre eventos econômicos globais e discursos de autoridades. O f2 apresenta um contexto de medo, devido à incerteza na divulgação de dados econômicos no Brasil causada pela greve dos funcionários do BC. O f3 é neutro, pois aborda temas variados como resultados corporativos, reformas e privatizações, sem uma emoção clara dominante.",Cinco assuntos quentes para o Brasil na próxima semana,"A semana reúne eventos do FMI, Banco Mundial e G20, com destaque para discursos de autoridades como Powell, Lagarde e Campos Neto, além de indicadores econômicos dos EUA e China.","A China planeja usar instrumentos de política monetária de forma flexível para garantir liquidez, enquanto o Brasil enfrenta greve de funcionários do BC que impede a divulgação de projeções e indicadores.","O mercado acompanha também resultados corporativos, debates sobre reformas e a privatização da Eletrobras, em meio às expectativas de política monetária e cenário eleitoral."
4165,alegria,positivo,alegria,positivo,alegria,positivo,alegria,positivo,alegria,positivo,"A manchete transmite uma expectativa positiva de melhorias no ambiente de negócios, o que sugere alegria e polaridade positiva. O parágrafo f1 detalha as propostas, focando em mudanças potencialmente benéficas para o setor empresarial, o que reforça a alegria e a polaridade positiva. No f2, há uma explicação mais detalhada das propostas, mantendo a expectativa de melhorias, com ênfase em segurança jurídica e liberdade econômica, o que indica alegria e polaridade positiva. O f3 descreve um evento de apresentação das propostas, destacando a participação de representantes empresariais e a busca por estímulos ao empreendedorismo, o que também sugere alegria e polaridade positiva. No geral, a notícia reflete uma expectativa otimista e positiva sobre as mudanças propostas.",Empresários apresentam PECs para melhorar ambiente de negócios,"Empresários do Instituto Unidos Brasil apresentaram três Propostas de Emenda à Constituição (PECs) que visam melhorar o ambiente de negócios no país, incluindo a desoneração da folha de pagamentos e mudanças nas agências reguladoras.","As propostas defendem a permanência da desoneração, a criação de conselhos para fiscalização regulatória e a inclusão de princípios de liberdade econômica na Constituição.","As PECs foram apresentadas em evento em Brasília, reunindo representantes de diversas empresas e buscando promover maior segurança jurídica e estímulo ao empreendedorismo no Brasil."
4170,surpresa,negativo,surpresa,negativo,medo,negativo,medo,neutro,medo,negativo,"A manchete expressa surpresa devido ao uso explícito dessa palavra, indicando que a alta inflação foi inesperada. F1 também reflete surpresa ao detalhar as áreas onde a inflação superou expectativas. F2 apresenta uma polaridade negativa com emoção de medo, pois menciona a preocupação do mercado e a revisão de projeções, sugerindo incerteza. F3 combina elementos de medo e neutro, pois embora a inflação global e os preços dos combustíveis sejam desafios, há também uma melhora no crescimento do PIB, equilibrando a narrativa. A emoção geral da notícia é de medo, devido à incerteza econômica e às preocupações do mercado.",Presidente do BC afirma que maior inflação desde 1994 foi 'surpresa',"O presidente do Banco Central, Roberto Campos Neto, destacou que a inflação de março, de 1,62%, foi a maior desde 1994 e refletiu surpresas em setores como vestuário e alimentação fora do domicílio.","A alta do IPCA, que acumula 11,30% em 12 meses, preocupa o mercado, levando analistas a revisarem as projeções para juros e inflação neste ano, enquanto o BC avalia possíveis mudanças na sua análise de tendência inflacionária.","Campos Neto também mencionou que a inflação global e fatores como o aumento dos preços dos combustíveis, influenciados pela guerra no leste europeu, representam desafios para o Brasil, embora haja uma melhora nos números de crescimento do PIB."
4171,neutro,neutro,neutro,neutro,neutro,neutro,neutro,neutro,neutro,neutro,"A manchete expressa uma expectativa de ação governamental, sugerindo que o programa Carteira Verde e Amarela ainda está em discussão, o que pode gerar surpresa ou expectativa no público. O f1 é neutro, pois apresenta uma informação factual sobre as intenções do Ministro Paulo Guedes. O f2 também é neutro, pois menciona a avaliação de novas medidas econômicas, sem indicar um resultado definitivo. O f3 é neutro, pois detalha a proposta do programa de maneira factual, sem expressar emoção ou polaridade. Considerando o contexto geral, a notícia é predominantemente neutra, pois não apresenta uma avaliação clara ou emocional dos eventos.",Bolsonaro: Guedes ainda quer criar Carteira Verde e Amarela,"O presidente Jair Bolsonaro afirmou que o ministro da Economia, Paulo Guedes, ainda busca formalizar o programa Carteira Verde e Amarela, que visa reduzir encargos trabalhistas para empregadores.","Ele também destacou que o governo estuda uma nova redução do IPI, incluindo a possibilidade de isentar mototaxistas, embora a ampliação do corte de 25% para 33% esteja descartada no momento.","A proposta, enviada ao Congresso por Medida Provisória, beneficia contratos de até 1,5 salário mínimo, com foco na redução de custos para a contratação de jovens."
4174,surpresa,negativo,surpresa,negativo,medo,negativo,medo,negativo,medo,negativo,"A manchete indica uma surpresa negativa devido à alta significativa da inflação, que é uma variação inesperada e grande em comparação aos anos recentes. O F1 reforça essa surpresa negativa ao detalhar os fatores impulsionadores da inflação, destacando alimentos e combustíveis, o que gera uma polaridade negativa. O F2 continua com uma emoção de medo, pois discute fatores climáticos e custos de frete que são incertos e podem continuar a afetar a economia, resultando numa polaridade negativa. O F3 menciona a persistência da inflação acima do teto da meta e possíveis mudanças na política monetária, o que reflete uma preocupação contínua e incerteza, indicando uma emoção de medo e polaridade negativa. A emoção geral da notícia é de medo devido à incerteza econômica e às possíveis consequências da alta inflação.","Inflação no IPCA é de 1,62% em março, a maior desde 1994","A inflação no IPCA de março atingiu 1,62%, a maior variação para o mês desde 1994, impulsionada principalmente por alimentos e combustíveis.","O aumento dos preços refletiu fatores climáticos, custos de frete e a alta nos preços dos combustíveis, que subiram 6,7% no mês, influenciando diversos setores da economia.","Apesar das altas na taxa de juros, a inflação permanece acima do teto da meta do Banco Central, indicando uma tendência de alta que pode levar a novas mudanças na política monetária."
4180,neutro,neutro,medo,negativo,medo,negativo,medo,negativo,medo,negativo,"A manchete e todas as partes da notícia indicam uma situação de preocupação com a inflação no atacado, impulsionada por aumentos nos preços de combustíveis e fertilizantes. A manchete é neutra, apenas informando o fato. O f1 destaca a aceleração da inflação, o que pode gerar medo devido à antecipação de perdas futuras. O f2 reforça essa preocupação, mostrando a grande influência dos derivados do petróleo, gerando medo. O f3 apresenta uma mistura de medo e neutro, pois apesar da pressão nos preços de combustíveis e insumos, há desaceleração em alguns itens. O rótulo geral é medo, devido à predominância de informações que antecipam possíveis impactos negativos na economia.","Diesel, gasolina e fertilizantes turbinam inflação no atacado no IGP-DI","A inflação no atacado medida pelo IGP-DI de março acelerou para 2,37%, impulsionada pelo aumento nos preços do óleo diesel, gasolina e fertilizantes.","O índice, que acumulou alta de 15,57% em 12 meses, foi fortemente influenciado pelos derivados do petróleo, que representaram 30% do resultado do IPA.","O aumento nos preços de bens finais e intermediários refletiu a pressão dos combustíveis e insumos, enquanto alguns itens de matérias-primas apresentaram desaceleração, como soja, café e milho."
4186,neutro,neutro,neutro,neutro,neutro,neutro,neutro,neutro,neutro,neutro,"A manchete reflete uma expectativa de mudança de liderança na Petrobras, o que pode gerar sentimentos de surpresa ou neutro, mas como a notícia foca na substituição e não na decisão em si, opto por neutro. A f1 reforça essa neutralidade ao apresentar fatos sobre a possível nomeação de Caio Paes de Andrade sem expressar emoção direta. A f2 explica as razões da desistência de Adriano Pires, o que gera um contexto de neutralidade, pois não há uma carga emocional direta, mas sim a explicação de um obstáculo. A f3 sugere uma solução de dentro do governo, focando na confiança e experiência de Andrade, o que mantém a neutralidade da notícia. No geral, a notícia é neutra, pois se concentra em informar os fatos e possíveis soluções sem expressar uma carga emocional forte.",Assessor de Guedes é cotado para Petrobras após desistência de Pires,"Caio Paes de Andrade, secretário especial de Desburocratização, Gestão e Governo Digital do Ministério da Economia, é cotado para assumir a presidência da Petrobras após a desistência de Adriano Pires.","A indicação de Andrade, apoiada por ministros e pelo ministro de Minas e Energia, Bento Albuquerque, ocorre em meio às dificuldades enfrentadas por Pires, que não poderia assumir devido a conflitos de interesse e à necessidade de vender sua empresa, o CBIE.","A mudança busca uma solução interna ao governo, considerando a confiança em Andrade e sua experiência na gestão de serviços digitais do governo federal."
4203,surpresa,neutro,neutro,neutro,medo,negativo,medo,negativo,medo,negativo,"A manchete expressa uma mudança significativa no setor de cobre, sugerindo uma emoção de surpresa devido ao contraste com o ano de 2019. A polaridade é neutra, pois é uma observação factual. No f1, há uma descrição de recuperação após uma queda, o que poderia gerar surpresa ou alegria, mas como foca na recuperação e não nos ganhos, é considerada neutra. No f2, a emoção dominante é o medo, devido aos desafios e incertezas políticas e regulatórias que podem afetar a mineração, com polaridade negativa. No f3, a persistência de um déficit de oferta e a continuidade da subida dos preços do cobre indicam um cenário de medo e incerteza, com polaridade negativa. O rótulo geral reflete a emoção de medo e polaridade negativa devido aos desafios e incertezas dominantes no setor.",Conferência do setor de cobre vê ‘outro mundo’ comparado a 2019,"Na última conferência do setor de cobre em Santiago, os preços do metal estavam próximos de US$ 5 por libra, refletindo uma recuperação após a queda abaixo de US$ 3, devido às preocupações com a demanda na China e às fragilidades nas cadeias de suprimentos agravadas pela guerra na Ucrânia.","O aumento na procura por veículos elétricos e a necessidade de novos investimentos em mineração, especialmente no Chile, enfrentam obstáculos como custos elevados, complexidade regulatória e incertezas políticas, incluindo propostas de reforma radical.","Caso o déficit de oferta persista, os preços do cobre devem continuar a subir, desafiando os planos globais de transição energética e enfrentando resistência de comunidades locais em países como Peru e Sérvia."
4266,alegria,positivo,alegria,positivo,alegria,positivo,medo,negativo,medo,negativo,"A manchete expressa ânsia por atrair investimentos estrangeiros, sugerindo uma política de incentivo e otimismo em relação ao mercado de capitais. O f1 reforça essa visão, destacando medidas para atrair capital externo, o que é uma tentativa de mitigar a incerteza causada pela guerra e cenário internacional, indicando uma emoção de alegria e polaridade positiva. O f2 menciona medidas de estímulo econômico, incluindo liberação de recursos do FGTS e crédito para empresas, o que também sinaliza uma tentativa de trazer otimismo ao mercado, com emoção de alegria e polaridade positiva. O f3, contudo, introduz elementos de incerteza e crítica à política econômica, sugerindo uma emoção de medo devido à persistência das pressões por gastos públicos e à instabilidade política, com polaridade negativa. O rótulo geral da notícia é de medo, devido à incerteza econômica e política apresentada.",Guedes quer zerar Imposto de Renda em títulos de empresas para estrangeiro,"O governo brasileiro anunciou a intenção de zerar o Imposto de Renda sobre aplicações de investidores estrangeiros em títulos emitidos por empresas no país, como parte de medidas para atrair capital externo diante do cenário internacional e da guerra entre Rússia e Ucrânia.","Além disso, o pacote de estímulo inclui a liberação de R$ 30 bilhões para saque do FGTS e R$ 100 bilhões para crédito às pequenas e médias empresas, enquanto discute-se no Congresso ações para conter o aumento dos preços dos combustíveis.","O aumento do preço do petróleo e a instabilidade política elevam a incerteza sobre a economia brasileira, levando o governo a considerar medidas como a redução do IPI, embora especialistas alertem para a persistência das pressões por gastos públicos."
4269,tristeza,negativo,tristeza,negativo,medo,negativo,medo,negativo,medo,negativo,"A manchete expressa tristeza devido ao crescimento econômico abaixo da média mundial, indicando insatisfação com o desempenho do Brasil. O f1 reitera a tristeza ao detalhar o crescimento insuficiente e compará-lo desfavoravelmente com a média global. O f2 indica medo, refletindo a preocupação com a continuidade de problemas estruturais que podem prejudicar o crescimento futuro. O f3 também reflete medo, com a previsão de crescimento quase nulo em 2022 e as incertezas causadas pela guerra, mas há uma nota de esperança para 2023, o que torna a emoção dominante medo com uma polaridade negativa. No geral, a notícia é predominantemente negativa, com tristeza e medo como emoções dominantes.",PIB brasileiro cresceu abaixo da média mundial em 2021,"O crescimento do PIB brasileiro em 2021 foi de 4,6%, recuperando parte das perdas da pandemia, mas ainda ficando abaixo da média de 5,7% dos 34 países analisados pela Austin Ratings.","Segundo o economista Alex Agostini, o país permanece na metade inferior do ranking de crescimento global devido a problemas políticos, fiscais e sociais, além de um desempenho histórico lento.","Para 2022, a previsão é de crescimento de apenas 0,3%, influenciado por altas taxas de juros, inflação e o impacto da guerra entre Rússia e Ucrânia, com expectativa de recuperação na posição de 12ª maior economia mundial em 2023."
4270,alegria,positivo,alegria,positivo,alegria,positivo,neutro,neutro,alegria,positivo,"A manchete indica uma época de alegria e otimismo, devido à criação de empregos acima do previsto e queda na taxa de desemprego. No f1, a alegria continua com a superação das expectativas de empregos. O f2 reforça essa emoção ao mostrar a revisão positiva dos dados anteriores, indicando um crescimento contínuo na geração de empregos. O f3, embora ainda positivo, apresenta um elemento de neutro ao mencionar o crescimento salarial anual, mas com um aumento marginal abaixo das projeções.","EUA cria 678 mil vagas em fevereiro, acima do previsto; desemprego cai","A economia dos Estados Unidos criou 678 mil empregos em fevereiro, superando a expectativa de 440 mil vagas, segundo o Departamento do Trabalho.","A taxa de desemprego caiu para 3,8%, enquanto os números de janeiro e dezembro foram revisados para cima, indicando maior geração de postos de trabalho.","No entanto, o salário médio por hora teve aumento marginal de 0,03%, abaixo das projeções, refletindo um crescimento salarial anual de 5,13%."
4339,alegria,positivo,alegria,positivo,medo,negativo,alegria,positivo,alegria,positivo,"A manchete expressa um forte sentimento de alegria, devido ao crescimento econômico significativo, que é positivo. f1 reforça essa alegria, detalhando os fatores positivos de crescimento econômico. f2 introduz uma nota de medo, pois a desaceleração em dezembro, causada pela variante ômicron, gera incerteza sobre o futuro. f3 apresenta uma mistura de alegria e medo, pois embora o Federal Reserve apoie a recuperação com a sinalização de aumento de juros, desafios como a escassez de chips e a inflação persistente ainda impactam negativamente o cenário. No geral, a alegria predomina, mas com elementos de medo que indicam uma polaridade positiva com nuances.",Economia dos EUA decola no 4º trim. e tem melhor desempenho desde 1984,"O crescimento econômico dos Estados Unidos no quarto trimestre de 2021 foi impulsionado pelo reabastecimento de estoques e pelo aumento dos gastos do consumidor, resultando na maior expansão em quase quatro décadas.","Apesar do desempenho robusto, a atividade desacelerou em dezembro devido à variante ômicron, que afetou gastos, produção e o mercado de trabalho.","O Federal Reserve sinalizou o aumento dos juros em março, apoiando a recuperação econômica, embora desafios como a escassez de chips e a inflação persistente ainda impactem o cenário."
4343,neutro,neutro,neutro,neutro,surpresa,neutro,medo,negativo,neutro,neutro,"A manchete reflete uma emoção neutra, pois apenas informa a desaceleração do IPCA-15, sem expressar uma opinião ou especulação. O f1 apresenta uma emoção neutra, pois também é informativo, destacando o acumulado acima das expectativas, mas ainda dentro do contexto de desaceleração. O f2 mostra uma emoção de surpresa, pois revela variações nos grupos de preços, com altas em alguns e queda em Transportes, o que pode ser inesperado. O f3 apresenta uma emoção de medo, pois fala sobre riscos inflacionários e possível elevação da taxa Selic, indicando incerteza e possível impacto negativo. A emoção geral da notícia é neutra, pois o foco principal é a transmissão de informações factuais.","IPCA-15 de janeiro fica em 0,58% e segue gradual desaceleração","O IPCA-15 de janeiro apresentou alta de 0,58%, indicando desaceleração em relação a dezembro, com o acumulado de 12 meses em 10,20%, ainda acima das expectativas do mercado.","O índice revelou altas em grupos como Alimentação e Bebidas, Habitação e Vestuário, enquanto Transportes teve queda de preços, especialmente na gasolina e passagens aéreas.","As projeções para 2022 indicam que o IPCA deve fechar próximo de 5%, mantendo riscos inflacionários internos e externos que podem levar o Banco Central a elevar a taxa Selic, atualmente em 9,25%."
4344,alegria,positivo,neutro,positivo,neutro,positivo,neutro,positivo,alegria,positivo,"A manchete indica um compromisso do governo brasileiro, sugerindo uma atitude proativa e positiva em direção à integração econômica internacional, o que gera uma expectativa positiva. O f1 detalha o compromisso com uma redução do IOF, apresentando informações factuais e neutras, mas com uma conotação positiva devido à redução de impostos. O f2 explica o cronograma da redução, reforçando a expectativa positiva de uma ação gradual e planejada. O f3 expande a informação, incluindo outras operações financeiras, e mantém o sentimento geral de expectativa positiva.",OCDE: Governo se compromete a zerar IOF sobre operações no exterior,"O Brasil comprometeu-se com a OCDE a zerar o IOF sobre transações com o exterior até 2028, incluindo operações com cartões de débito e crédito.","A redução gradual do imposto começará em 2023, com uma diminuição de um ponto percentual por ano, até sua eliminação total.","Além disso, o país se comprometeu a zerar o IOF sobre aquisição de moeda estrangeira e transferências internacionais, com previsão de conclusão em 2029."
4346,alegria,positivo,alegria,positivo,neutro,neutro,neutro,neutro,alegria,positivo,"A manchete expressa alegria e polaridade positiva, pois a aprovação do convite para iniciar negociações de adesão à OCDE reflete um reconhecimento internacional e uma oportunidade de crescimento. O f1 mantém a alegria e polaridade positiva, com a expectativa de um processo de adesão bem-sucedido. O f2 apresenta uma perspectiva neutra, pois detalha o progresso e a preparação do Brasil, sem expressar emoção forte. O f3 também é neutro, ao informar que outros países também receberam o convite e que o sucesso dependerá do alinhamento a padrões, sem transmitir uma emoção clara. Geralmente, a notícia apresenta uma perspectiva positiva, com a emoção predominante de alegria, devido à aprovação e ao potencial de crescimento.",OCDE aprova convite para Brasil iniciar negociação de adesão à entidade,"O conselho de ministros da OCDE aprovou o convite formal para que o Brasil inicie negociações de adesão à organização, processo que deve levar de três a cinco anos para ser concluído.",O governo brasileiro já aderiu a 103 das mais de 200 normas exigidas e aguarda a apresentação de um roteiro elaborado pela OCDE para avançar nas etapas finais.,"Outros cinco países também receberam o convite, e o sucesso da adesão dependerá da capacidade de cada nação de se alinhar aos padrões e melhores práticas da organização."
4349,medo,negativo,medo,negativo,tristeza,negativo,medo,negativo,medo,negativo,"A manchete expressa é 'Medo', com polaridade 'Negativa', devido à incerteza e possíveis impactos negativos do aperto monetário nos EUA sobre a recuperação econômica na Ásia. F1 também reflete 'Medo' e 'Negativo' ao destacar o atraso econômico e a pressão sobre políticas monetárias. F2 apresenta 'Tristeza' com polaridade 'Negativa', pois a redução da projeção de crescimento é um resultado negativo e concreto. F3 mantém 'Medo' e 'Negativo' ao alertar sobre dificuldades econômicas futuras relacionadas a taxas de juros mais altas e inflação elevada. O rótulo geral é 'Medo' e 'Negativo' devido ao tom predominante de incerteza e possíveis dificuldades econômicas.",FMI: aperto monetário nos EUA pode retardar recuperação da Ásia,A expectativa de aumento das taxas de juros pelo Federal Reserve pode atrasar a recuperação econômica dos países emergentes da Ásia e aumentar a pressão sobre suas políticas monetárias.,"O FMI reduziu a projeção de crescimento da região para 5,9% em 2022, principalmente devido à desaceleração da China e às dificuldades relacionadas à Covid-19.","Apesar de não prever grandes impactos imediatos, o órgão alertou que taxas de juros mais altas e a inflação elevada podem dificultar a retomada econômica na região."
4358,medo,negativo,tristeza,negativo,tristeza,negativo,medo,negativo,medo,negativo,"A manchete expressa uma antecipação negativa, sugerindo que a economia do México está em uma situação ruim e que pode piorar, o que indica 'Medo'. O f1 confirma essa expectativa negativa com dados concretos de queda do PIB, sugerindo 'Tristeza' pela confirmação de uma situação ruim. O f2 reforça a situação negativa com mais dados de retração econômica, indicando 'Tristeza'. O f3 mostra que especialistas e autoridades financeiras estão ajustando suas expectativas para baixo, indicando 'Medo' pela incerteza e riscos associados às novas projeções. A emoção geral da notícia é 'Medo', devido à antecipação de uma situação econômica adversa.",Economistas veem crescentes sinais de recessão no México,"O México provavelmente entrou em recessão técnica, com o PIB encolhendo em dois dos três últimos meses de 2021, segundo estimativas de diversas instituições.","Dados do instituto de estatísticas indicam uma retração de 0,2% na atividade econômica em dezembro, reforçando a possibilidade de contração no trimestre final do ano.","Economistas e o Banco Central do país revisaram suas projeções de crescimento para 2022, indicando um cenário desafiador e com riscos de queda na atividade econômica."
4384,surpresa,negativo,medo,negativo,tristeza,negativo,tristeza,negativo,tristeza,negativo,"A manchete expressa 'surpresa' pela grande magnitude das altas de preços em setores específicos como etanol, café e gás, que superaram a inflação geral, criando uma expectativa não esperada. O f1 apresenta uma situação de 'medo', pois o aumento significativo nos preços dos combustíveis e energia gera incerteza e volatilidade econômica. O f2 reflete 'tristeza', pois esses aumentos impactam negativamente vários setores e pressionam custos de alimentos, confirmando perdas financeiras para os consumidores. O f3 reforça a 'tristeza' com a diminuição da renda média e altas taxas de desemprego, que dificultam ainda mais o enfrentamento dos aumentos de preços.","Muito acima da inflação: etanol, café e gás lideram alta de preços em 2021","A inflação no Brasil atingiu 10,06% em 2021, a maior desde 2015, impulsionada principalmente pelo aumento de quase 50% nos preços dos combustíveis e por elevações na energia elétrica residencial.","Esses aumentos impactaram diversos setores, especialmente Transportes e Habitação, além de pressionar os custos de alimentos, cujo subgrupo de açúcares, derivados e aves e ovos tiveram altas expressivas.","Apesar do cenário inflacionário, a renda média dos brasileiros diminuiu mais de 10% desde 2020, e o desemprego permanece em 12%, dificultando o enfrentamento dos aumentos de preços para a população."
4424,alegria,positivo,alegria,positivo,neutro,neutro,medo,neutro,alegria,positivo,"A manchete expressa um sentimento de alegria, pois destaca um resultado positivo e histórico na arrecadação do governo federal. O f1 reforça essa emoção ao apresentar dados concretos que comprovam a alta arrecadação. O f2 apresenta uma emoção neutra, pois detalha os fatores que impulsionaram a arrecadação, sem expressar uma opinião ou expectativa. Já o f3 apresenta uma emoção de medo, pois apesar de destacar um desempenho positivo, indica uma diminuição no ritmo de crescimento da arrecadação, o que pode gerar incertezas sobre o futuro. No geral, a notícia é classificada como alegria, pois a informação central é positiva e supera expectativas.","Arrecadação atinge R$ 157,3 bi em novembro, o melhor resultado em 7 anos","A arrecadação do governo federal em novembro de 2021 registrou alta real de 1,41% em relação ao mesmo mês do ano anterior, atingindo R$ 157,340 bilhões, o maior valor para o mês desde 2014.","O crescimento foi impulsionado principalmente pelas receitas de outros órgãos, que tiveram alta de 48,2% acima da inflação, enquanto as receitas da Receita Federal ficaram praticamente estáveis.","Apesar do desempenho positivo, o ritmo de crescimento da arrecadação vem diminuindo desde julho, influenciado por queda na produção industrial e nas vendas, embora o valor das importações e das notas fiscais eletrônicas tenha aumentado."
4443,medo,negativo,medo,negativo,medo,negativo,medo,negativo,medo,negativo,"A manchete indica uma reavaliação de política monetária pelo Banco Central, o que gera é uma emoção de 'medo' com polaridade 'negativa' devido à expectativa de juros mais altos por um período prolongado. F1 reforça essa emoção de 'medo' com uma polaridade 'negativa', ao mencionar um ciclo monetário mais contracionista devido a projeções inflacionárias desfavoráveis. F2 apresenta uma mistura de 'medo' e 'surpresa', com polaridade 'negativa', ao destacar que, mesmo com atividade econômica abaixo do esperado e inflação elevada, o BC mantém o aumento dos juros, o que surpreende por não seguir o esperado, mas reforça o medo de juros altos. F3 também expressa 'medo' com polaridade 'negativa', ao mencionar um cenário externo mais desafiador e a necessidade de manter o aperto monetário. O rótulo geral da notícia é 'medo' com polaridade 'negativa' devido ao foco predominante nas incertezas e na manutenção de uma política monetária restritiva.",Ata do Copom: BC avaliou ajuste maior da Selic e juro alto por mais tempo,"O Banco Central reafirmou a intenção de elevar os juros a um patamar que promova a desinflação e a ancoragem das expectativas de inflação, indicando um ciclo de aperto monetário mais contracionista devido ao viés altista nas projeções.","Apesar de números de atividade econômica abaixo do esperado e uma inflação elevada, a autoridade monetária mantém o ritmo de aumento de 1,50 ponto percentual na taxa básica de juros, com previsão de repetir a dose em fevereiro.","O BC também destacou o cenário externo mais desafiador, com incertezas globais e deterioração do ambiente de recuperação econômica, reforçando a estratégia de perseverar no ciclo de aperto até consolidar a meta inflacionária."
4457,medo,negativo,neutro,neutro,medo,negativo,neutro,neutro,medo,negativo,"A manchete expressa a expectativa de uma ação do Copom, o que gera ‘medo’ devido à possibilidade de aumento dos juros, afetando o crescimento econômico. A f1 mostra uma visão ‘neutra’ ao apresentar fatos sobre revisões econômicas. A f2 reforça o ‘medo’ com a previsão de inflação alta e a possibilidade de desvalorização do real, além das incertezas fiscais e sanitárias. A f3 é ‘neutra’, focando na continuidade das políticas econômicas. O sentimento geral é de ‘medo’ devido às incertezas e previsões negativas.","Boletim Focus: Mercado aposta em alta de 1,5 p.p. da Selic nesta semana","A pesquisa Focus do Banco Central revelou cortes nas estimativas de crescimento econômico para 2021 e 2022, além de previsões de inflação mais elevadas para ambos os anos.","A expectativa é de aumento da taxa Selic em 1,50 ponto percentual nesta semana, refletindo preocupações fiscais e a ameaça da variante Ômicron, enquanto a inflação deve permanecer acima da meta e o dólar deve encerrar o ano em torno de 5,56 reais.","As projeções indicam uma desaceleração do crescimento e uma continuidade na política de juros elevados, com o mercado atento às decisões do Copom na próxima semana."
4480,alegria,positivo,alegria,positivo,alegria,positivo,alegria,positivo,alegria,positivo,"A manchete expressa uma emoção de alegria, pois indica uma melhoria nas projeções da dívida bruta, refletindo otimismo e confiança. O f1 também apresenta alegria, pois revela uma revisão positiva das projeções da dívida, mostrando uma redução mais rápida do que o esperado. O f2 destaca uma emoção de alegria, com a notícia de um superávit primário recorde para o mês de outubro, indicando resultados financeiros positivos e crescimento na arrecadação. O f3 reforça a alegria, ao mencionar a melhoria nas contas públicas e a expectativa de um déficit menor, além do espaço fiscal adicional e a continuação da queda da dívida pública. Portanto, a emoção geral da notícia é de alegria, com uma polaridade positiva.","Tesouro: projeção da dívida bruta de 2021 passa de 87,2% para 80,6% do PIB","O Tesouro Nacional revisou suas projeções para a Dívida Bruta do Governo Geral e a Dívida Líquida do Setor Público até 2030, indicando uma redução mais rápida do endividamento em relação às estimativas anteriores.","Em outubro, o Governo Central registrou superávit primário de R$ 28,195 bilhões, o melhor para o mês desde 2016, impulsionado pelo crescimento na arrecadação de tributos federais.","As contas públicas apresentam melhora, com expectativa de fechamento do ano com déficit menor do que o previsto e espaço fiscal adicional devido à PEC dos Precatórios, enquanto a dívida pública deve seguir em declínio até 2030."
4498,tristeza,negativo,tristeza,negativo,tristeza,negativo,surpresa,neutro,tristeza,negativo,"A manchete transmite uma sensação de tristeza e negatividade, pois indica um desempenho econômico ruim do Brasil em comparação a outros países emergentes. O f1 reforça essa tristeza ao detalhar o péssimo desempenho econômico esperado para o Brasil em 2022, citando previsões de baixo crescimento. O f2 intensifica a tristeza ao explicar que o Brasil enfrenta desafios econômicos mais extremos, como problemas estruturais e alta exposição ao consumo chinês, o que contribui para uma recuperação econômica mais modesta. No entanto, o f3 apresenta uma emoção de surpresa e polaridade neutra, pois, apesar das dificuldades, menciona sinais positivos, como a recuperação do mercado de trabalho, mas também indica incerteza para 2023. A emoção geral da notícia é de tristeza, considerando que as dificuldades econômicas dominam o contexto.",Brasil aparece na 'lanterna' de crescimento econômico entre emergentes,"A economia brasileira deve apresentar o pior desempenho entre 12 países emergentes em 2022, com previsão de crescimento entre 0,8% e 1,9%, segundo dados do FMI e de consultorias.","Especialistas apontam que o país enfrenta desafios mais extremos, como problemas estruturais e alta exposição ao consumo chinês, além de uma recuperação econômica mais modesta.","Apesar das dificuldades, há sinais positivos, como a recuperação do mercado de trabalho, enquanto o cenário para 2023 ainda é de incerteza, com previsões de retração por alguns bancos."
4500,neutro,neutro,neutro,neutro,neutro,neutro,neutro,neutro,neutro,neutro,"A manchete é neutra, pois apresenta um fato informativo sobre conselheiros econômicos sem expressar emoção. A f1 é neutra, pois descreve as importâncias e propostas dos conselheiros econômicos, focando em informações factuais. A f2 é neutra, pois apresenta diferenças nas propostas dos candidatos sem expressar uma emoção clara ou polaridade forte. A f3 é neutra, pois discute o cenário político e econômico com termos factuais e objetivos. A emoção geral é neutra, pois a notícia apresenta informações factuais e comparativas sem carga emocional ou especulativa significativa.",Conheça as ideias dos conselheiros econômicos dos presidenciáveis,"Os conselheiros econômicos dos presidenciáveis destacam a importância de medidas para estimular o crescimento e combater a pobreza no Brasil, com propostas variadas de ampliação de investimentos públicos, reformas e controle fiscal.","Enquanto Lula aposta na continuidade de uma gestão responsável e na criação de programas sociais, candidatos como Ciro Gomes e Doria defendem a retomada de investimentos e a redução da desigualdade social.","O cenário político e econômico de 2022 é marcado por debates sobre o tamanho do Estado, reformas estruturais e estratégias para enfrentar a inflação e o desemprego."
4533,medo,negativo,medo,negativo,medo,negativo,medo,negativo,medo,negativo,"A manchete expressa preocupação com a possível alta nos preços do transporte público, gerando uma expectativa negativa. A f1 detalha as pressões econômicas sobre o setor, confirmando uma situação de dificuldade e potencial aumento de preços, o que gera medo de impacto na inflação e nos consumidores. A f2 apresenta a dificuldade dos governos em encontrar soluções, reforçando a incerteza e o medo de impactos negativos na economia e na população. A f3, apesar de discutir alternativas, ainda aborda a situação com um tom de preocupação, mas sem soluções imediatas, o que mantém a polaridade negativa com um toque de medo pela necessidade de mudanças estruturais. No geral, a notícia reflete uma situação de medo e incerteza econômica.",Transporte público pode ser novo vilão da inflação em 2022,"Após um ano de alta nos preços de combustíveis, energia elétrica e alimentos, o transporte público enfrenta pressões para reajustes tarifários devido ao aumento do diesel, redução de passageiros e custos salariais, podendo gerar aumentos de 40% a 50% nas tarifas.","Os governos locais avaliam alternativas como subsídios e reajustes moderados, mas enfrentam o desafio de equilibrar o impacto na inflação, nas contas públicas e na acessibilidade, especialmente em ano eleitoral.","Especialistas destacam a necessidade de ações estruturais, como a exploração de receitas de estacionamentos e melhorias na gestão, para garantir a sustentabilidade do setor sem onerar excessivamente os usuários."
4557,alegria,positivo,alegria,positivo,medo,negativo,medo,negativo,medo,negativo,"A manchete apresenta uma redução na taxa de desemprego, o que inicialmente sugere um sentimento de alegria e polaridade positiva. No entanto, o f1 também menciona uma melhora no mercado de trabalho, reforçando a emoção de alegria e polaridade positiva. O f2 introduz um elemento de preocupação ao destacar o número de desempregados e a recuperação lenta, indicando medo e polaridade negativa. O f3 reitera a expectativa de desemprego prolongado, o que também gera medo e polaridade negativa. Considerando o contexto geral, a emoção dominante é de medo, devido às incertezas e desafios apresentados, e a polaridade geral é negativa.","Taxa de desemprego cai para 13,2% em agosto e atinge 13,7 milhões","A taxa de desemprego no Brasil caiu para 13,2% no trimestre encerrado em agosto, em comparação com 14,6% em maio, indicando uma melhora no mercado de trabalho.","Apesar da redução, ainda há 13,7 milhões de pessoas buscando emprego, e a recuperação da ocupação deve ser mais lenta devido ao descompasso entre oferta e demanda de mão de obra.","Economistas acreditam que, embora a população economicamente ativa retorne aos níveis pré-pandemia, o país deverá conviver com altos índices de desemprego por um período prolongado."
4564,tristeza,negativo,surpresa,negativo,medo,negativo,tristeza,negativo,tristeza,negativo,"A manchete reflete uma notícia negativa devido ao aumento da inflação, que é um sinal de instabilidade econômica e perda de poder aquisitivo. O fragmento f1 reforça essa emoção com a menção de uma alta significativa e acima das expectativas, evidenciando surpresa com o impacto negativo. O f2 aborda a reação do Banco Central, o que indica medo e preocupação com o futuro econômico, devido à elevação da taxa Selic para conter a inflação. O f3 projeta um cenário negativo de desaceleração econômica para 2022, com inflação em dois dígitos e juros mais altos, o que reforça a emoção de tristeza. A emoção geral da notícia é de tristeza, pois a notícia como um todo trata de um cenário econômico desfavorável.",Prévia da inflação em outubro tem maior alta para o mês desde 1995,"O IPCA-15 de outubro atingiu 1,20%, a maior alta para o mês desde 1995, impulsionado pelo aumento na energia elétrica e acima das expectativas do mercado.","A persistente inflação levou o Banco Central a sinalizar uma elevação da taxa Selic, que pode chegar a 1,25 ponto percentual na próxima reunião, para tentar conter o avanço dos preços.","Com projeções de inflação em dois dígitos para o fim do ano e juros mais altos, a atividade econômica de 2022 deve apresentar desaceleração."
4576,medo,negativo,medo,negativo,medo,negativo,raiva,negativo,medo,negativo,"A manchete sugere um cenário negativo com a palavra 'estagflação', indicando medo de uma situação econômica ruim. f1 reforça esse medo com a ideia de 'impactar profundamente' e 'burlar o teto de gastos'. f2 traz uma mistura de medo e tristeza, com alertas sobre 'deterioração fiscal', 'maior inflação' e 'custos elevados'. f3 expressa raiva e desprezo com a crítica à 'falta de entendimento' e ao comprometimento do 'crescimento do PIB'. Geralmente, a emoção dominante é o medo, pois a notícia discute as possíveis consequências negativas de uma manobra econômica.",Manobra no teto reforça cenário de estagflação na economia em 2022,"A manobra do governo e Congresso para burlar o teto de gastos deve impactar profundamente a economia brasileira em 2024, agravando o cenário de estagflação.","Economistas alertam que a mudança na regra fiscal, aliada ao aumento previsto na taxa de juros, pode gerar deterioração fiscal, maior inflação e custos elevados de captação para o governo.","Especialistas criticam a falta de entendimento das consequências dessa estratégia, que pode comprometer o crescimento do PIB e aumentar a instabilidade econômica do país."
4611,medo,negativo,medo,negativo,medo,negativo,neutro,neutro,medo,negativo,"A manchete expressa uma emoção de medo, pois indica uma incerteza sobre como um governo de esquerda vai lidar com a dependência do petróleo, que é uma questão sensível no contexto de redução de emissões. A polaridade é negativa, pois a dependência de petróleo é vista como um desafio. O f1 também expressa medo, pois o governo tenta equilibrar metas ambientais com a continuidade do setor de hidrocarbonetos, gerando incerteza sobre a efetividade das políticas. A polaridade é negativa, devido à tensão entre objetivos ambientais e econômicos. O f2 reforça a emoção de medo, com a intenção de aumentar a taxa de carbono ao mesmo tempo que defende o setor petrolífero, o que evidencia a incerteza e a dualidade nas políticas. A polaridade continua negativa. O f3, por sua vez, é neutro, pois apresenta dados factuais sobre a importância do setor petrolífero para a economia norueguesa, sem expressar uma emoção clara. A polaridade também é neutra, já que não há uma carga emocional ou especulativa. A emoção geral da notícia é de medo, devido à incerteza e ao desafio de conciliar objetivos ambientais e econômicos, com uma polaridade negativa.","Na Noruega, dependência do petróleo é desafio para governo de esquerda","O novo governo de centro-esquerda da Noruega busca ampliar a meta de redução de emissões de gases de efeito estufa para até 55% até 1990, mantendo o setor de hidrocarbonetos como prioridade.","A plataforma política reafirmou a intenção de aumentar a taxa de carbono para 2.000 coroas por tonelada, enquanto defende o desenvolvimento da indústria de petróleo e gás.","Apesar do compromisso ambiental, o setor petrolífero continua sendo fundamental para a economia norueguesa, representando 14% do PIB e mais de 40% das exportações do país."
4620,alegria,positivo,alegria,positivo,neutro,positivo,medo,negativo,medo,positivo,"A manchete transmite confiança e comprometimento do Banco Central em atingir a meta de inflação, indicando alegria. No f1, a diretora reafirma a meta, mas menciona itens voláteis, o que pode gerar incerteza, mas a polaridade é positiva devido ao comprometimento. No f2, a inflação está no pico, o que poderia indicar medo, mas a diretora fala em ajuste e previsão de melhora, mantendo a polaridade positiva com uma emoção neutra. No f3, a incerteza fiscal gera uma emoção de medo, com polaridade negativa, pois impacta nas decisões monetárias. O rótulo geral reflete a emoção de medo, dada a incerteza fiscal, mas a polaridade é positiva devido ao comprometimento e ajuste da política monetária.","BC está atento a efeitos da inflação e comprometido com meta, diz diretora","A diretora do Banco Central, Fernanda Guardado, reafirmou o compromisso da instituição em cumprir a meta de inflação de 3,5% em 2022, apesar do impacto de itens voláteis como alimentos e energia na alta de preços.","Ela destacou que o país vive seu pico inflacionário, com a expectativa de que a inflação perca força nos próximos meses, e que o BC continuará ajustando a taxa de juros, que atualmente está em 6,25%, com previsão de aumento de 1 ponto percentual.","Além disso, Guardado ressaltou a incerteza sobre a gestão fiscal brasileira, que influencia as expectativas de inflação e impacta as decisões do BC na condução da política monetária."
4625,alegria,positivo,alegria,positivo,medo,neutro,desprezo,negativo,medo,neutro,"A manchete expressa alegria devido ao anúncio de um acordo positivo para o Mercosul, enquanto f1 também reflete alegria ao detalhar a redução tarifária. f2 apresenta uma mistura de medo e alegria, mas a emoção dominante é medo, devido à incerteza quanto à aceitação do acordo pelos demais países e à exclusão de setores sensíveis. f3 reflete desprezo, com uma polaridade negativa, pois sugere que a iniciativa foi uma derrota para o ministro Paulo Guedes, indicando uma avaliação crítica da sua gestão. No geral, a emoção dominante da notícia é medo, devido à incerteza e às críticas recebidas.",Brasil e Argentina fecham acordo para cortar tarifa do Mercosul em 10%,"Brasil e Argentina anunciaram um acordo para reduzir em 10% a tarifa externa comum do Mercosul, abrangendo aproximadamente 75% do universo tarifário de produtos.","O entendimento, que será levado aos países membros Paraguai e Uruguai, visa flexibilizar o bloco e permitir reduções além do percentual acordado, apesar de setores sensíveis como têxtil e automotivo terem sido excluídos.","A iniciativa foi vista por alguns como uma derrota para o ministro da Economia, Paulo Guedes, devido às diferenças nas propostas de redução de tarifas."
4636,medo,negativo,medo,negativo,medo,negativo,medo,negativo,medo,negativo,"A manchete indica um alerta sobre a estagflação, o que sugere uma emoção de 'medo' com polaridade 'negativa' devido ao risco real mencionado. f1 reforça o 'medo' ao detalhar o conceito de estagflação e suas implicações negativas, mantendo a polaridade 'negativa'. f2 intensifica a emoção de 'medo' ao mencionar a limitação das políticas monetárias e o risco de bolhas no mercado, com polaridade 'negativa'. f3 também carrega a emoção de 'medo' ao descrever a situação econômica e a postura cautelosa da Bridgewater, mantendo a polaridade 'negativa'. No geral, a notícia é dominada pela emoção de 'medo' e polaridade 'negativa' devido à preocupação com a estagflação e suas consequências.",Maior fundo hedge do mundo diz que estagflação nos EUA é 'risco real',"Embora a preocupação com a inflação nos Estados Unidos seja crescente, Greg Jensen alerta que o risco real é a combinação de preços em alta e atividade econômica estagnada, caracterizando a estagflação.","Ele destaca que as opções de política monetária do Federal Reserve são limitadas diante dessa situação, que também pode gerar bolhas no mercado.","Jensen aponta ainda que a economia enfrenta demanda reprimida e escassez de oferta, enquanto a Bridgewater mantém uma postura de cautela com seus fundos."
4652,alegria,positivo,alegria,positivo,medo,negativo,neutro,neutro,neutro,neutro,"A manchete expressa à expectativa de resolução de uma questão importante, sugerindo alívio e otimismo. O f1 reforça essa expectativa com uma visão positiva sobre a resolução das discussões fiscais, indicando alegria. O f2, no entanto, mostra a preocupação do mercado com incertezas fiscais, o que gera medo devido à possibilidade de impactos negativos na economia. O f3 apresenta uma informação neutra sobre a projeção da inflação e o compromisso do BC em ajustar a Selic, sem uma carga emocional clara, mas com uma perspectiva de responsabilidade e estabilidade, portanto neutro. A emoção geral da notícia é neutro, pois apesar da alegria e do medo, a notícia termina com uma visão de estabilidade e responsabilidade.",Campos Neto vê discussão sobre Auxílio Brasil como página virada em breve,"Roberto Campos Neto afirmou que as discussões sobre precatórios e o financiamento do Auxílio Brasil em 2022 serão resolvidas em breve, permitindo avanços na economia.","O mercado está preocupado com as incertezas fiscais, especialmente relacionadas ao novo programa social e ao cumprimento das regras fiscais, enquanto o governo busca soluções para equilibrar necessidades sociais e responsabilidade fiscal.","Além disso, o BC projeta o pico da inflação em setembro, com a autoridade monetária comprometida em ajustar a Selic para atingir a meta de inflação, sem alterar a meta estabelecida."
4658,medo,negativo,medo,negativo,medo,negativo,medo,negativo,medo,negativo,"A manchete reflete uma preocupação com a persistência da inflação, gerando incerteza e possivelmente medo. A f1 apresenta vários fatores que estão causando o aumento da inflação, indicando um cenário de medo pela incerteza e volatilidade econômica. A f2 reforça essa incerteza, mencionando custos elevados e mudanças regulatórias, o que também contribui para o medo. A f3 destaca a incerteza das autoridades monetárias em lidar com a situação, reforçando o medo devido às dificuldades em prever e controlar a inflação. O rótulo geral da notícia é medo, pois todas as partes da notícia refletem incerteza e possíveis perdas futuras.",De chips a navios: os cinco pontos que fazem a inflação persistir,"As pressões inflacionárias globais aumentam devido a fatores como disparada dos preços do gás, escassez de chips e alta nos alimentos, desafiando a previsão de que a inflação seria transitória.","Os custos elevados de energia, insumos e as mudanças nas regras de sustentabilidade contribuem para a persistência dessas pressões, elevando as expectativas de inflação entre consumidores e mercados.","Autoridades monetárias ainda avaliam o ritmo de redução dos estímulos econômicos, diante do cenário de inflação elevada por mais tempo do que o inicialmente previsto."
4674,medo,neutro,medo,neutro,neutro,neutro,neutro,neutro,medo,neutro,"A manchete indica uma incerteza sobre a intensidade do aumento de juros, sugerindo medo devido à volatilidade econômica. O f1 descreve o contexto incerto e a necessidade de uma política mais agressiva, reforçando o medo. O f2 explica a decisão com base em dados técnicos, mantendo o tom neutro. O f3 confirma a continuidade do aumento de juros, sem novidades, mantendo a neutralidade. No geral, a emoção dominante é o medo devido à incerteza inflacionária, enquanto a polaridade é neutra por focar em decisões técnicas.","BC ponderou subir juros em mais de 1 ponto, mostra ata do Copom","O Banco Central decidiu manter o ciclo de aumento da taxa Selic em um ritmo mais agressivo, considerando o cenário de incertezas inflacionárias e o impacto da crise de Covid-19.","A ata do Copom destacou que a estratégia mais adequada é seguir elevando os juros de forma a garantir a convergência da inflação para as metas de 2022 e 2023, com uma política monetária já contracionista.","A instituição indicou que continuará elevando a taxa na próxima reunião, buscando avançar em um patamar significativamente restritivo para controlar a inflação."
4707,medo,negativo,medo,negativo,medo,negativo,medo,negativo,medo,negativo,"A manchete expressa incerteza e complexidade ao mencionar a dependência de várias medidas para a viabilização do Auxílio Brasil, o que pode gerar medo devido à incerteza. O f1 continua com essa incerteza ao descrever as três frentes de soluções para viabilizar o programa, reforçando a emoção de medo. O f2 apresenta as fontes de compensação de gastos, incluindo medidas já em vigor e outras que ainda dependem de aprovação, o que também gera medo pela incerteza da efetivação das medidas. O f3 menciona a reserva orçamentária e detalhes do programa, o que poderia indicar uma emoção neutra, mas ainda carrega o sentimento de medo devido à incerteza de recursos. A emoção dominante na notícia é o medo, devido à incerteza sobre a viabilização e sustentabilidade do programa.","Novo Bolsa Família depende de IOF, IR e precatórios, diz secretário","O governo busca viabilizar o Auxílio Brasil, reformulação do Bolsa Família, por meio de soluções em três frentes, incluindo a resolução de precatórios e fontes de compensação de gastos.","Uma dessas fontes é o aumento do IOF, já em vigor, e a aprovação da reforma do imposto de renda, que ainda depende do Senado, para garantir recursos em 2022 e anos seguintes.","Apesar das medidas adotadas, o orçamento de 2022 reserva R$ 34,7 bilhões para o programa, que atenderá 17 milhões de famílias com benefício médio de R$ 300."
4708,neutro,neutro,neutro,neutro,medo,negativo,neutro,neutro,neutro,neutro,"A manchete reflete uma emoção neutra, pois transmite uma informação de ação governamental sem expressar otimismo ou pessimismo. O f1 é neutro, pois apresenta uma informação factual sobre a atuação do presidente do Senado, sem indicar um viés emocional claro. O f2 possui uma emoção de medo, já que destaca a preocupação em conciliar pagamentos de dívidas com programas sociais dentro do teto de gastos, refletindo incerteza sobre a capacidade de atender ambas as demandas. O f3 é neutro, pois relata o cenário de diferentes abordagens sendo analisadas, o que é uma informação objetiva sobre a complexidade e os esforços para resolver o tema.","Pacheco defende ""solução definitiva"" para precatórios","O presidente do Senado, Rodrigo Pacheco, afirmou que atuará na próxima semana para buscar uma solução definitiva para o pagamento de precatórios, dívidas reconhecidas pela Justiça que podem atingir 89,1 bilhões de reais em 2022.","Ele destacou a necessidade de conciliar o pagamento dessas dívidas com a implementação de programas sociais, dentro do teto de gastos, para atender às pessoas vulneráveis.","A Câmara dos Deputados analisa uma PEC que permite o parcelamento dessas dívidas, enquanto o Conselho Nacional de Justiça busca uma solução para o impasse, evidenciando a complexidade do tema entre os Poderes."
4749,alegria,positivo,neutro,neutro,neutro,neutro,medo,negativo,neutro,neutro,"A manchete expressa alegria por indicar a possibilidade de abertura de novas vagas, o que é visto como uma oportunidade positiva. F1 apresenta uma informação neutra, pois aborda a destinação de recursos para o censo e a falta de reajuste salarial, mas sem expressar sentimentos fortes. F2 também é neutro, pois menciona a priorização de investimentos na vacinação e o represamento em concursos, sem evidenciar uma emoção clara. F3 transmite medo, pois o secretário do Tesouro Nacional alerta sobre as limitações nos investimentos futuros devido ao crescimento de precatórios, o que gera incerteza e preocupação. O rótulo geral é neutro porque, apesar da alegria na manchete, o texto como um todo traz informações que equilibram a expectativa positiva com realidades orçamentárias restritivas.",Governo pretende abrir mais de 41 mil vagas em concursos públicos em 2022,"O Projeto de Lei Orçamentária de 2022 prevê R$ 2 bilhões para o censo demográfico, que foi adiado devido à falta de recursos e à pandemia, e não inclui reajustes salariais para servidores públicos.","O governo priorizou investimentos em programas em andamento, como a vacinação contra a covid-19, reservando R$ 3,9 bilhões para essa finalidade, enquanto há um represamento na realização de concursos públicos e na demanda por recursos de órgãos.","O secretário do Tesouro destacou que o crescimento de precatórios limita os investimentos futuros, e o orçamento permanece restrito devido às restrições fiscais e às despesas com precatórios e pandemia."
4793,medo,negativo,neutro,neutro,medo,negativo,medo,negativo,medo,negativo,"A manchete transmite uma sensação de cautela e incerteza, o que se alinha com a emoção de medo e uma polaridade negativa devido às projeções de crescimento econômico serem afetadas por ruídos. O fragmento f1 é neutro, focando em informações factuais sobre a projeção do PIB. O fragmento f2 expressa medo e incerteza, pois destaca os ruídos que afetam as expectativas do mercado, além da importância de cumprir a meta inflacionária. O fragmento f3 também reflete medo, devido à contaminação dos núcleos de inflação e à incerteza no cenário externo.","Ruídos têm impactado projeções de crescimento para 2022, diz Campos Neto","Roberto Campos Neto, presidente do Banco Central, afirmou que questões domésticas têm impactado as projeções de crescimento do PIB para 2022, que atualmente estão em 2,04%, conforme o relatório Focus.","Ele destacou a importância de o BC cumprir a meta inflacionária, reforçando que possui instrumentos para isso e que há ruídos relacionados à política fiscal e institucional que influenciam as expectativas do mercado.","Campos Neto também alertou para a contaminação dos núcleos de inflação pelos choques em alimentos e energia, além de apontar maior incerteza no cenário externo de taxas de juros baixas."
4805,alegria,positivo,alegria,positivo,alegria,positivo,neutro,neutro,alegria,positivo,"A manchete expressa alegria pela valorização e aumento das reservas de ouro do Banco Central. A f1 também apresenta alegria, destacando o aumento significativo das reservas de ouro em um curto período de tempo. A f2 mantém a alegria, evidenciando a valorização das reservas em dólares. A f3 apresenta um contexto neutro, explicando a estratégia do Banco Central e a valorização do ouro no cenário global. A emoção geral da notícia é de alegria, pois as informações são positivas para a economia brasileira.",Reservas em ouro do Banco Central quase dobram em 3 meses,"Desde maio, o Banco Central do Brasil retomou a compra de ouro para suas reservas internacionais, adquirindo 62,3 toneladas em três meses, o que quase dobrou o volume de ouro na carteira do país.","Essas operações elevaram a participação do metal em reservas de 1,2% para 2,1%, além de aumentar o valor em dólares de US$ 4,1 bilhões para US$ 7,6 bilhões.","A estratégia reflete uma mudança de postura do BC sob a gestão de Roberto Campos Neto, em um contexto de valorização do ouro impulsionada pela crise global e pela busca por ativos de proteção."
